DATE,MONTH,YEAR,DRIVER,GENDER,TYPE,CITY,PRICE,PAYMENT,START TIME,END TIME,HOUR,CAR,MILES,TRIP TIME
6/16/2011,6,2011,Faris,m,-,San Francisco,,,9:57 PM,,21,,,
7/3/2011,7,2011,Cal,m,-,San Francisco,$19.00 ,,1:13 AM,1:26 AM,1,,,
7/10/2011,7,2011,Kader,m,-,San Francisco,,,11:49 PM,,23,,,
7/11/2011,7,2011,Mohammad,m,-,San Francisco,$65.00 ,,5:36 AM,6:08 AM,5,,,
7/18/2011,7,2011,Kamal,m,-,San Francisco,$65.00 ,,12:10 PM,12:41 PM,12,,,
9/25/2011,9,2011,Angel,m,-,San Francisco,$55.00 ,2802,4:35 AM,5:08 AM,4,,,
10/14/2011,10,2011,Mehdi,m,-,San Francisco,$15.00 ,2802,9:43 PM,9:54 PM,21,,,
12/17/2011,12,2011,Lazhar,m,-,San Francisco,$23.00 ,2802,4:37 PM,4:49 PM,16,,,
12/17/2011,12,2011,Chris,m,-,San Francisco,$20.00 ,2802,12:51 PM,1:04 PM,12,,,
1/6/2012,1,2012,Dahmane,m,-,San Francisco,$15.00 ,2802,10:54 PM,11:05 PM,22,,,
1/14/2012,1,2012,Slim,m,-,San Francisco,$15.00 ,2802,4:50 AM,5:01 AM,4,,,
1/31/2012,1,2012,Yousef,m,-,San Francisco,$65.00 ,2802,8:23 AM,8:51 AM,8,,,
2/11/2012,2,2012,Fause,m,-,San Francisco,$65.00 ,2802,5:49 AM,6:16 AM,5,,,
3/2/2012,3,2012,Mehdi,m,-,San Francisco,$65.00 ,2802,2:22 PM,2:57 PM,14,,,
3/13/2012,3,2012,Djaafar,m,-,San Francisco,$15.00 ,2802,5:37 PM,5:42 PM,17,,,
3/16/2012,3,2012,Fause,m,-,San Francisco,$15.00 ,2802,9:44 PM,9:49 PM,21,,,
3/31/2012,3,2012,Ashraf,m,-,San Francisco,$28.00 ,2802,7:52 AM,8:11 AM,7,,,
4/12/2012,4,2012,-,m,-,Los Angeles,,2802,8:29 AM,Dropoff time unknown,8,,,
4/18/2012,4,2012,Kidas,m,-,San Francisco,$32.00 ,2802,10:55 AM,11:14 AM,10,,,
4/29/2012,4,2012,Sam,m,-,San Francisco,$34.00 ,2802,9:40 PM,9:58 PM,21,,,
4/29/2012,4,2012,Ash,m,-,Chicago,$75.00 ,2802,1:38 PM,2:33 PM,13,,,
5/14/2012,5,2012,Tulio,m,-,San Francisco,$65.00 ,2802,8:29 AM,9:15 AM,8,,,
5/16/2012,5,2012,Mike,m,-,Boston,$45.00 ,2802,3:52 PM,4:12 PM,15,,,
5/16/2012,5,2012,Shifa,m,-,Boston,,2802,9:17 AM,,9,,,
5/16/2012,5,2012,Shifa,m,-,Boston,,2802,9:16 AM,,9,,,
5/16/2012,5,2012,Mohamed,m,-,Boston,,2802,9:11 AM,,9,,,
5/25/2012,5,2012,Oliver,m,-,San Francisco,$35.00 ,2802,7:40 PM,8:02 PM,19,,,
6/3/2012,6,2012,Luis,m,-,San Francisco,,2802,7:44 PM,,19,,,
6/25/2012,6,2012,Nino,m,-,San Francisco,$19.00 ,2802,7:07 PM,7:23 PM,19,,,
8/29/2012,8,2012,Igor,m,BLACK,San Francisco,$20.00 ,2802,10:00 AM,10:17 AM,10,,,
9/10/2012,9,2012,Dave,m,BLACK,San Francisco,,2802,9:58 PM,,21,BLACK CAR,0.00,0:00:00
9/10/2012,9,2012,Dave,m,BLACK,San Francisco,,2802,9:56 PM,,21,BLACK CAR,0.00,0:00:00
9/20/2012,9,2012,Joseph,m,BLACK,San Francisco,,2802,4:23 AM,,4,BLACK CAR,0.00,0:00:00
11/2/2012,11,2012,younes,m,BLACK,San Francisco,$38.00 ,2802,7:17 PM,7:37 PM,19,,,
11/8/2012,11,2012,Marvin,m,uberX,San Francisco,$55.00 ,2802,8:54 PM,9:28 PM,20,,,
12/14/2012,12,2012,Leonid,m,TAXI,San Francisco,$15.76 ,2802,8:54 AM,9:13 AM,8,TAXI,2.20,0:10:32
12/15/2012,12,2012,Buya,m,BLACK,San Francisco,$22.00 ,2802,7:27 PM,7:35 PM,19,BLACK CAR,0.79,0:03:28
12/15/2012,12,2012,-,m,uberX,San Francisco,,2802,7:26 PM,Dropoff time unknown,19,,,
12/15/2012,12,2012,-,m,TAXI,San Francisco,,2802,7:26 PM,Dropoff time unknown,19,,,
12/15/2012,12,2012,-,m,TAXI,San Francisco,,2802,7:26 PM,Dropoff time unknown,19,,,
1/13/2013,1,2013,Layth,m,uberX,San Francisco,$55.00 ,2802,8:33 PM,9:08 PM,20,uberX,16.09,0:26:31
2/3/2013,2,2013,Janice,f,BLACK,San Francisco,$65.00 ,2802,9:10 PM,9:59 PM,21,BLACK CAR,19.23,0:36:24
2/3/2013,2,2013,Eftikhar,m,BLACK,San Francisco,$37.00 ,2802,3:12 PM,3:33 PM,15,BLACK CAR,2.29,0:10:00
2/3/2013,2,2013,-,m,uberX,San Francisco,,2802,3:12 PM,Dropoff time unknown,15,,,
2/3/2013,2,2013,-,m,TAXI,San Francisco,,2802,3:12 PM,Dropoff time unknown,15,,,
2/3/2013,2,2013,-,m,TAXI,San Francisco,,2802,3:11 PM,Dropoff time unknown,15,,,
2/15/2013,2,2013,Isaac,m,SUV,San Francisco,,2802,11:52 PM,,23,SUV,0.00,0:00:00
2/15/2013,2,2013,Sammy,m,SUV,San Francisco,$46.00 ,2802,11:59 PM,12:25 AM,23,SUV,3.75,0:18:08
2/15/2013,2,2013,Aaron,m,SUV,San Francisco,$46.00 ,2802,6:40 PM,7:06 PM,18,SUV,2.86,0:21:04
2/16/2013,2,2013,Arvind,m,SUV,San Francisco,,2802,1:51 AM,,1,SUV,0.00,0:00:00
2/24/2013,2,2013,Rachid,m,uberX,San Francisco,$23.00 ,2802,1:31 AM,1:51 AM,1,uberX,3.41,0:16:04
2/27/2013,2,2013,-,m,,Las Vegas,,2802,2:57 PM,Dropoff time unknown,14,,,
3/2/2013,3,2013,Man,m,uberX,San Francisco,,2802,11:27 PM,,23,uberX,0.00,0:00:00
4/7/2013,4,2013,Joseph,m,uberX,San Francisco,,2802,8:18 AM,Dropoff time unknown,8,uberX,0.00,0:00:00
4/9/2013,4,2013,Khawar,m,UberBLACK,Washington D.C.,$64.00 ,2802,2:27 PM,3:33 PM,14,BLACK CAR,13.54,0:37:56
4/10/2013,4,2013,Jose,m,UberBLACK,New York City,$10.00 ,2802,6:06 AM,,6,BLACK CAR,0.00,0:00:00
4/14/2013,4,2013,abdurrahman (KAPLAN),m,BLACK,San Francisco,$10.00 ,2802,4:47 AM,,4,BLACK CAR,0.00,0:00:00
4/14/2013,4,2013,Owdi,m,uberX,San Francisco,,2802,4:46 AM,,4,uberX,0.00,0:00:00
6/22/2013,6,2013,Hany,m,BLACK,San Francisco,$15.00 ,4977,8:34 PM,8:46 PM,20,BLACK CAR,0.70,0:04:34
6/23/2013,6,2013,ILKIN,m,BLACK,San Francisco,$29.00 ,4977,2:24 AM,2:37 AM,2,BLACK CAR,1.65,0:11:14
6/26/2013,6,2013,LUIZ,m,BLACK,San Francisco,$38.00 ,4977,8:48 AM,9:31 AM,8,BLACK CAR,3.92,0:25:26
6/26/2013,6,2013,-,m,TAXI,San Francisco,,4977,8:47 AM,Dropoff time unknown,8,,,
7/12/2013,7,2013,Marco,m,uberX,San Francisco,$10.00 ,4977,9:29 PM,9:50 PM,21,uberX,1.04,0:04:40
7/21/2013,7,2013,Mashhour,m,,San Francisco,$38.00 ,4977,3:03 PM,3:21 PM,15,BLACK CAR,7.43,0:10:18
7/30/2013,7,2013,Joe,m,,San Francisco,$115.00 ,4977,1:49 PM,2:36 PM,13,BLACK CAR,26.00,0:33:06
8/15/2013,8,2013,Wahdat,m,uberX,New York City,,4977,8:20 PM,,20,uberX,0.00,0:00:00
8/15/2013,8,2013,-,m,Yellow,New York City,,4977,7:25 PM,Dropoff time unknown,19,,,
8/17/2013,8,2013,MALIK,m,uberX,San Francisco,$19.00 ,4977,9:26 PM,9:50 PM,21,uberX,4.05,0:19:59
8/18/2013,8,2013,Yousef,m,SUV,San Francisco,$25.00 ,4977,12:23 AM,12:33 AM,0,SUV,0.28,0:03:27
8/21/2013,8,2013,Najib,m,,San Francisco,,4977,8:54 PM,,20,BLACK CAR,0.00,0:00:00
8/21/2013,8,2013,Najib,m,,San Francisco,$17.00 ,4977,8:55 PM,9:12 PM,20,BLACK CAR,1.63,0:07:48
9/7/2013,9,2013,Dejene,m,uberX,San Francisco,$8.00 ,4977,6:33 PM,7:04 PM,18,uberX,1.01,0:08:22
9/8/2013,9,2013,Burenbayaer,m,uberX,San Francisco,$5.00 ,4977,1:21 AM,,1,uberX,0.00,0:00:00
9/13/2013,9,2013,Osama,m,TAXI,San Francisco,$7.80 ,4977,10:35 PM,10:49 PM,22,TAXI,1.08,0:05:12
9/14/2013,9,2013,Paul,m,uberX,San Francisco,,4977,1:48 AM,,1,uberX,0.00,0:00:00
9/14/2013,9,2013,Ion,m,uberX,San Francisco,$12.00 ,4977,1:50 AM,1:59 AM,1,uberX,0.80,0:04:42
10/5/2013,10,2013,Ali,m,SUV,San Francisco,$10.00 ,4977,8:09 PM,,20,SUV,0.00,0:00:00
10/5/2013,10,2013,Naidan,m,SUV,San Francisco,$10.00 ,4977,7:48 PM,,19,SUV,0.00,0:00:00
10/5/2013,10,2013,Naidan,m,SUV,San Francisco,,4977,7:43 PM,Dropoff time unknown,19,SUV,0.00,0:00:00
10/5/2013,10,2013,Ademar,m,BLACK,San Francisco,$35.00 ,4977,3:26 PM,3:56 PM,15,BLACK CAR,3.57,0:24:03
10/5/2013,10,2013,-,m,SUV,San Francisco,,4977,7:42 PM,Dropoff time unknown,19,,,
10/5/2013,10,2013,-,m,SUV,San Francisco,,4977,7:42 PM,Dropoff time unknown,19,,,
10/5/2013,10,2013,-,m,SUV,San Francisco,,4977,7:42 PM,Dropoff time unknown,19,,,
10/5/2013,10,2013,-,m,BLACK,San Francisco,,4977,7:39 PM,Dropoff time unknown,19,,,
10/5/2013,10,2013,-,m,BLACK,San Francisco,,4977,7:39 PM,Dropoff time unknown,19,,,
10/14/2013,10,2013,KHALID,m,TAXI,San Francisco,,4977,12:47 PM,,12,TAXI,0.00,0:00:00
10/14/2013,10,2013,hung,m,uberX,San Francisco,$15.00 ,4977,10:13 AM,10:30 AM,10,uberX,3.15,0:13:50
10/14/2013,10,2013,Joe,m,,San Francisco,$45.00 ,4977,4:23 PM,4:56 PM,16,BLACK CAR,7.65,0:23:06
10/14/2013,10,2013,Ali,m,,San Francisco,$41.00 ,4977,6:09 PM,6:51 PM,18,BLACK CAR,6.17,0:24:03
10/14/2013,10,2013,Ahmed,m,,San Francisco,$29.00 ,4977,3:40 PM,4:17 PM,15,uberX,6.68,0:28:51
10/19/2013,10,2013,Alaa,m,uberX,San Francisco,$12.00 ,4977,7:32 PM,7:50 PM,19,uberX,0.68,0:06:29
10/20/2013,10,2013,Mohamed,m,uberX,San Francisco,,4977,12:18 AM,,0,uberX,0.00,0:00:00
10/26/2013,10,2013,James,m,BLACK,San Francisco,$18.00 ,4977,9:23 PM,9:44 PM,21,BLACK CAR,1.67,0:09:22
10/26/2013,10,2013,Jack,m,SUV,San Francisco,$143.00 ,4977,11:36 PM,12:05 AM,23,SUV,4.20,0:21:35
10/27/2013,10,2013,Hiruy,m,uberX,San Francisco,$5.00 ,4977,3:51 AM,,3,uberX,0.00,0:00:00
11/9/2013,11,2013,Micheal,m,uberX,San Francisco,$8.00 ,4977,9:49 AM,10:03 AM,9,uberX,1.04,0:06:03
11/11/2013,11,2013,Aqeel,m,,San Francisco,$15.00 ,4977,5:30 PM,5:59 PM,17,BLACK CAR,0.59,0:06:13
11/16/2013,11,2013,Johnny,m,uberX,San Francisco,$11.00 ,5534,8:44 PM,9:05 PM,20,uberX,1.90,0:11:37
11/16/2013,11,2013,-,m,TAXI,San Francisco,,5534,11:34 PM,Dropoff time unknown,23,,,
11/17/2013,11,2013,Dawit,m,uberX,San Francisco,,5534,2:25 AM,,2,uberX,0.00,0:00:00
11/17/2013,11,2013,Eyasu,m,BLACK,San Francisco,,5534,2:22 AM,,2,BLACK CAR,0.00,0:00:00
11/17/2013,11,2013,Edip,m,BLACK,San Francisco,$10.00 ,5534,12:03 AM,Dropoff time unknown,0,BLACK CAR,0.00,0:00:00
11/17/2013,11,2013,Tal,m,TAXI,San Francisco,$11.65 ,5534,9:20 AM,9:33 AM,9,TAXI,2.06,0:07:52
11/17/2013,11,2013,Maria,m,uberX,San Francisco,$15.00 ,5534,1:13 AM,1:31 AM,1,uberX,3.49,0:11:22
11/17/2013,11,2013,NAPOLION,m,BLACK,San Francisco,$28.00 ,5534,2:26 AM,2:50 AM,2,BLACK CAR,0.55,0:19:55
11/18/2013,11,2013,RAKESH,m,uberX,San Francisco,$8.00 ,5534,1:39 PM,1:52 PM,13,uberX,0.72,0:03:51
11/19/2013,11,2013,Mikhail,m,,San Francisco,$75.00 ,5534,4:49 AM,5:32 AM,4,uberX,25.92,0:27:31
12/19/2013,12,2013,Wint,m,uberX,San Francisco,,,10:36 PM,,22,uberX,0.00,0:00:00
12/19/2013,12,2013,Ayaz,m,uberX,San Francisco,$5.00 ,5534,8:12 PM,Dropoff time unknown,20,uberX,0.00,0:00:00
12/19/2013,12,2013,Nanda,m,uberX,San Francisco,$5.00 ,5534,8:03 PM,,20,uberX,0.00,0:00:00
12/19/2013,12,2013,Adlan,m,uberX,San Francisco,$8.00 ,5534,7:43 PM,7:59 PM,19,uberX,0.30,0:02:36
12/27/2013,12,2013,K,m,uberX,San Francisco,$116.00 ,,11:37 AM,12:40 PM,11,uberX,41.23,0:52:28
1/11/2014,1,2014,Anna,f,uberX,San Francisco,$10.55 ,,8:45 AM,9:08 AM,8,uberX,2.77,0:11:19
1/18/2014,1,2014,Adel,f,uberX,San Francisco,$23.44 ,,10:40 PM,11:00 PM,22,uberX,2.68,0:11:20
1/19/2014,1,2014,Fanfan,m,uberX,San Francisco,$12.48 ,,8:38 AM,9:03 AM,8,uberX,2.56,0:10:30
1/26/2014,1,2014,wail,m,UberBLACK,Los Angeles,,,10:57 AM,,10,BLACK,0.00,0:00:00
1/26/2014,1,2014,S H,m,UberBLACK,Los Angeles,,,10:47 AM,,10,BLACK,0.00,0:00:00
1/28/2014,1,2014,Mostafa,m,UberSUV,Los Angeles,$79.00 ,,1:03 PM,2:09 PM,13,SUV,10.81,0:52:55
2/9/2014,2,2014,Jan,f,BLACK,San Francisco,,,12:50 AM,,0,BLACK CAR,0.00,0:00:00
2/9/2014,2,2014,NABEEL,m,uberX,San Francisco,,,12:50 AM,,0,uberX,0.00,0:00:00
2/9/2014,2,2014,Faisal,m,BLACK,San Francisco,$17.00 ,,12:03 AM,12:21 AM,0,BLACK CAR,1.76,0:08:34
2/9/2014,2,2014,FRANCISCO,m,uberX,San Francisco,$9.53 ,,7:22 AM,7:42 AM,7,uberX,2.42,0:09:41
2/15/2014,2,2014,Mohammed,m,uberX,San Francisco,$5.00 ,,10:05 PM,Dropoff time unknown,22,uberX,0.00,0:00:00
2/15/2014,2,2014,JONATHAN,m,uberX,San Francisco,$5.00 ,,9:54 PM,Dropoff time unknown,21,uberX,0.00,0:00:00
2/15/2014,2,2014,Ben,m,uberX,San Francisco,$10.70 ,,7:01 PM,7:07 PM,19,uberX,0.67,0:04:30
2/15/2014,2,2014,Murat,m,uberX,San Francisco,$11.31 ,,10:49 PM,11:13 PM,22,uberX,2.49,0:15:17
2/15/2014,2,2014,-,m,uberX,San Francisco,,,10:46 PM,Dropoff time unknown,22,,,
2/15/2014,2,2014,-,m,uberX,San Francisco,,,10:43 PM,Dropoff time unknown,22,,,
2/16/2014,2,2014,Antonio,m,uberX,San Francisco,,,10:53 AM,,10,uberX,0.00,0:00:00
2/20/2014,2,2014,Ehsan,m,TAXI,San Francisco,,,10:48 PM,,22,TAXI,0.00,0:00:00
2/20/2014,2,2014,Ehsan,m,TAXI,San Francisco,$7.25 ,,10:54 PM,11:02 PM,22,TAXI,1.00,0:03:36
2/21/2014,2,2014,Sergiy,m,,San Francisco,$11.34 ,,2:20 PM,2:43 PM,14,uberX,3.60,0:09:48
2/23/2014,2,2014,Timurjon,m,BLACK,San Francisco,$22.00 ,,1:50 AM,2:00 AM,1,BLACK CAR,0.84,0:03:42
2/23/2014,2,2014,Robel,m,uberX,San Francisco,$7.48 ,,12:20 AM,12:35 AM,0,uberX,1.51,0:07:22
2/23/2014,2,2014,-,m,uberX,San Francisco,,,1:50 AM,Dropoff time unknown,1,,,
2/23/2014,2,2014,-,m,uberX,San Francisco,,,1:49 AM,Dropoff time unknown,1,,,
2/24/2014,2,2014,WEIBIN,m,uberX,San Francisco,,,10:32 PM,,22,uberX,0.00,0:00:00
2/24/2014,2,2014,Kent,m,uberX,San Francisco,,,10:31 PM,,22,uberX,0.00,0:00:00
2/24/2014,2,2014,Ismail,m,SUV,San Francisco,,,10:09 PM,Dropoff time unknown,22,SUV,0.00,0:00:00
2/24/2014,2,2014,Tony,m,SUV,San Francisco,,,9:52 PM,,21,SUV,0.00,0:00:00
2/24/2014,2,2014,Brian,m,SUV,San Francisco,$25.00 ,,11:28 PM,11:39 PM,23,SUV,0.92,0:08:00
2/24/2014,2,2014,nizar,m,uberX,San Francisco,$21.88 ,,8:22 AM,9:01 AM,8,uberX,3.99,0:28:22
2/25/2014,2,2014,Peter,m,SUV,San Francisco,$46.00 ,,12:34 AM,,0,SUV,2.27,0:14:10
2/25/2014,2,2014,rashed,m,uberX,San Francisco,$18.48 ,,9:00 AM,9:28 AM,9,uberX,3.99,0:19:21
2/26/2014,2,2014,Vazgen,m,SUV,San Francisco,$70.00 ,,6:12 PM,6:31 PM,18,SUV,0.91,0:07:53
2/26/2014,2,2014,Junior,m,SUV,San Francisco,$76.00 ,,7:59 PM,8:28 PM,19,SUV,1.19,0:09:25
2/26/2014,2,2014,Ismail,m,SUV,San Francisco,$32.00 ,,9:54 PM,10:17 PM,21,SUV,1.08,0:15:26
2/26/2014,2,2014,Clyde,m,BLACK,San Francisco,$40.00 ,,9:03 AM,9:44 AM,9,BLACK CAR,4.86,0:29:27
2/26/2014,2,2014,-,m,TAXI,San Francisco,,,9:03 AM,Dropoff time unknown,9,,,
2/27/2014,2,2014,Yosef,m,BLACK,San Francisco,,,9:10 PM,,21,BLACK CAR,0.00,0:00:00
2/27/2014,2,2014,Bernz,m,uberX,San Francisco,,,4:19 PM,,16,uberX,0.00,0:00:00
2/27/2014,2,2014,Mohammad,m,uberX,San Francisco,$5.00 ,,12:23 AM,,0,uberX,0.00,0:00:00
2/27/2014,2,2014,Adelio,m,TAXI,San Francisco,,,12:22 AM,,0,TAXI,0.00,0:00:00
2/27/2014,2,2014,Andre,m,TAXI,San Francisco,$18.25 ,,10:00 AM,10:26 AM,10,TAXI,3.86,0:17:01
2/27/2014,2,2014,Yosef,m,BLACK,San Francisco,$36.00 ,,9:11 PM,9:36 PM,21,BLACK CAR,4.91,0:22:58
2/28/2014,2,2014,Samuel,m,uberX,San Francisco,$5.00 ,,3:07 PM,3:20 PM,15,uberX,0.15,0:00:43
3/1/2014,3,2014,ali,m,uberX,San Francisco,,,8:57 AM,,8,uberX,0.00,0:00:00
3/7/2014,3,2014,RENATO,m,uberX,San Francisco,,,11:34 PM,Dropoff time unknown,23,uberX,0.00,0:00:00
3/8/2014,3,2014,ALCUE,m,uberX,San Francisco,$17.58 ,,7:29 AM,8:09 AM,7,uberX,4.88,0:24:12
3/11/2014,3,2014,Amanuel,m,TAXI,San Francisco,$18.25 ,,9:48 AM,10:18 AM,9,TAXI,3.95,0:17:33
3/11/2014,3,2014,Gassan,m,uberX,San Francisco,$35.18 ,,1:17 PM,1:44 PM,13,uberX,14.48,0:21:35
3/16/2014,3,2014,AMIROUCHE,m,uberX,San Francisco,$16.95 ,,12:36 PM,1:02 PM,12,uberX,4.75,0:22:43
3/30/2014,3,2014,samir,m,uberX,San Francisco,$7.78 ,1415,12:51 AM,1:00 AM,0,uberX,1.06,0:05:26
3/30/2014,3,2014,Darrell,m,BLACK,San Francisco,$15.00 ,1415,1:24 AM,1:30 AM,1,BLACK CAR,1.04,0:05:38
3/30/2014,3,2014,-,m,TAXI,San Francisco,,1415,1:23 AM,Dropoff time unknown,1,,,
4/1/2014,4,2014,RAMJI,m,uberX,San Francisco,$6.77 ,1415,4:32 PM,4:44 PM,16,uberX,1.20,0:06:35
4/1/2014,4,2014,Fay,m,uberX,San Francisco,$9.27 ,1415,1:14 PM,1:29 PM,13,uberX,2.23,0:09:44
4/1/2014,4,2014,Amor,m,uberX,San Francisco,$8.86 ,1415,11:31 AM,11:45 AM,11,uberX,1.83,0:10:22
4/3/2014,4,2014,BASSEM,m,uberX,Los Angeles,$10.51 ,1415,11:39 PM,11:59 PM,23,uberX,3.88,0:13:58
4/8/2014,4,2014,Osman,m,UberBLACK,Phoenix,$39.00 ,1415,10:58 PM,11:25 PM,22,BLACK CAR,9.26,0:16:29
4/9/2014,4,2014,Jerry,m,uberX,Phoenix,,1415,2:00 PM,,14,uberX,0.00,0:00:00
4/9/2014,4,2014,M Z,m,uberX,Phoenix,$14.00 ,1415,6:26 PM,6:50 PM,18,uberX,5.81,0:10:04
4/9/2014,4,2014,Samir,m,UberBLACK,Phoenix,$39.00 ,1415,3:59 PM,4:40 PM,15,BLACK CAR,8.57,0:24:11
4/9/2014,4,2014,Roger,m,UberBLACK,Phoenix,$45.00 ,1415,8:58 AM,9:34 AM,8,BLACK CAR,10.23,0:27:08
4/9/2014,4,2014,Jerry,m,uberX,Phoenix,$44.63 ,1415,2:00 PM,2:55 PM,14,uberX,23.19,0:30:21
4/11/2014,4,2014,ULISSES,m,uberX,San Francisco,$20.02 ,1415,4:45 PM,5:06 PM,16,uberX,7.87,0:17:24
4/11/2014,4,2014,-,m,TAXI,San Francisco,,1415,4:44 PM,Dropoff time unknown,16,,,
4/12/2014,4,2014,Ralph,m,uberX,San Francisco,$9.08 ,1415,2:06 PM,2:20 PM,14,uberX,1.94,0:10:35
4/19/2014,4,2014,TARIQ,m,uberX,San Francisco,$6.00 ,1415,6:43 PM,6:55 PM,18,uberX,0.58,0:02:31
4/24/2014,4,2014,EMAD,m,,San Francisco,$6.00 ,1415,10:46 PM,10:52 PM,22,uberX,0.65,0:03:07
4/24/2014,4,2014,Kayode,m,uberX,San Francisco,$7.87 ,1415,9:00 PM,9:08 PM,21,uberX,1.02,0:03:13
5/5/2014,5,2014,Olawale,m,uberX,San Francisco,$31.32 ,1415,11:08 AM,11:29 AM,11,uberX,12.05,0:17:27
5/8/2014,5,2014,SLAVCHO,m,UberBLACK,Chicago,,1415,8:16 PM,,20,BLACK CAR,0.00,0:00:00
5/8/2014,5,2014,Adetokunbo,m,uberCAB,Chicago,,1415,7:58 PM,,19,CAB,0.00,0:00:00
5/8/2014,5,2014,OUMAR,m,UberBLACK,Chicago,$24.00 ,1415,8:18 PM,8:33 PM,20,BLACK CAR,3.98,0:09:17
5/9/2014,5,2014,Jamal,m,uberX,Chicago,,1415,7:40 AM,,7,uberX,0.00,0:00:00
5/9/2014,5,2014,Jamal,m,uberX,Chicago,,1415,7:38 AM,,7,uberX,0.00,0:00:00
5/9/2014,5,2014,Jamal,m,uberX,Chicago,,1415,7:34 AM,,7,uberX,0.00,0:00:00
5/11/2014,5,2014,Jonas,m,uberX,San Francisco,,1415,10:36 PM,Dropoff time unknown,22,uberX,0.00,0:00:00
5/11/2014,5,2014,branko,m,uberX,San Francisco,$7.49 ,1415,10:40 PM,10:48 PM,22,uberX,1.25,0:05:22
5/12/2014,5,2014,ALEXANDRE,m,uberX,San Francisco,$15.96 ,1415,6:46 AM,7:12 AM,6,uberX,4.49,0:17:24
5/13/2014,5,2014,Sami,m,,San Francisco,,1415,4:40 AM,,4,uberX,0.00,0:00:00
5/13/2014,5,2014,Sami,m,,San Francisco,$54.55 ,1415,4:41 AM,5:32 AM,4,uberX,25.70,0:26:41
5/14/2014,5,2014,Amy,f,uberX,Chicago,$16.01 ,1415,6:13 AM,6:42 AM,6,uberX,7.38,0:21:47
5/14/2014,5,2014,Stanley,m,uberX,Chicago,,1415,5:34 PM,,17,uberX,0.00,0:00:00
5/15/2014,5,2014,EARL,m,uberX,San Francisco,$6.23 ,1415,1:26 PM,1:41 PM,13,uberX,0.64,0:04:12
5/15/2014,5,2014,Jia,m,uberX,San Francisco,$10.82 ,1415,7:21 PM,7:34 PM,19,uberX,1.81,0:07:08
5/15/2014,5,2014,Ali,m,TAXI,San Francisco,$17.15 ,1415,2:47 PM,3:08 PM,14,TAXI,3.70,0:16:26
5/16/2014,5,2014,Danny,m,BLACK,San Francisco,,1415,9:32 AM,,9,BLACK CAR,0.00,0:00:00
5/16/2014,5,2014,Eldor,m,BLACK,San Francisco,$15.00 ,1415,10:00 AM,10:05 AM,10,BLACK CAR,0.38,0:01:36
5/16/2014,5,2014,Kevin,m,,San Francisco,$15.48 ,1415,11:17 AM,11:38 AM,11,uberX,4.88,0:13:53
5/16/2014,5,2014,-,m,uberX,San Francisco,,1415,9:29 AM,Dropoff time unknown,9,,,
5/17/2014,5,2014,Bekzhan,m,uberX,San Francisco,$6.00 ,1415,8:18 PM,8:29 PM,20,uberX,0.57,0:03:25
5/18/2014,5,2014,Ali,m,uberX,San Francisco,$6.65 ,1415,12:38 AM,12:45 AM,0,uberX,0.99,0:03:52
5/20/2014,5,2014,Mohammad,m,,San Francisco,$56.78 ,1415,5:36 AM,6:28 AM,5,uberX,26.42,0:30:30
5/29/2014,5,2014,Darren,m,uberX,San Francisco,$22.89 ,1415,11:11 AM,11:33 AM,11,uberX,8.71,0:19:24
6/3/2014,6,2014,ali,m,,San Francisco,$10.93 ,1415,8:33 PM,8:50 PM,20,uberX,2.86,0:08:48
6/5/2014,6,2014,Balinder,m,uberX,San Francisco,$12.87 ,1415,3:56 PM,4:17 PM,15,uberX,2.68,0:16:11
6/5/2014,6,2014,Mishell,m,uberX,San Francisco,$12.73 ,1415,2:14 PM,2:37 PM,14,uberX,2.56,0:16:18
6/9/2014,6,2014,ALEXANDER,m,uberX,San Francisco,$8.74 ,1415,4:33 PM,4:42 PM,16,uberX,1.70,0:07:18
6/9/2014,6,2014,ARNALDO,m,uberX,San Francisco,$11.16 ,1415,2:58 PM,3:15 PM,14,uberX,2.58,0:10:59
6/22/2014,6,2014,Viktor,m,BLACK,San Francisco,$65.00 ,1415,2:05 PM,2:50 PM,14,BLACK CAR,17.01,0:36:54
6/25/2014,6,2014,AHMED,m,uberX,Washington D.C.,$28.17 ,1415,11:10 PM,11:43 PM,23,uberX,12.32,0:23:32
6/29/2014,6,2014,Jesus,m,uberX,San Francisco,$15.88 ,1415,4:30 AM,4:52 AM,4,uberX,4.70,0:16:09
7/1/2014,7,2014,JOR BIR,m,,San Francisco,$6.00 ,1415,10:40 PM,10:55 PM,22,uberX,0.67,0:03:10
7/1/2014,7,2014,Majd,m,uberX,San Francisco,$8.19 ,1415,9:04 PM,9:31 PM,21,uberX,1.11,0:08:25
7/3/2014,7,2014,Ammoskumar,m,uberX,San Francisco,,1415,9:45 PM,,21,uberX,0.00,0:00:00
7/3/2014,7,2014,Eugenio,m,uberX,San Francisco,,1415,10:08 PM,,22,uberX,0.00,0:00:00
7/4/2014,7,2014,Ahmed,m,uberX,San Francisco,$13.62 ,1415,7:28 AM,7:37 AM,7,uberX,2.61,0:05:42
7/9/2014,7,2014,PARMINDER,m,uberX,San Francisco,$73.33 ,1415,12:21 PM,1:02 PM,12,uberX,38.54,0:38:24
7/9/2014,7,2014,TESFAW,m,uberX,San Francisco,,1415,11:55 AM,,11,uberX,0.00,0:00:00
7/12/2014,7,2014,-,m,TAXI,San Francisco,,1415,1:44 AM,Dropoff time unknown,1,,,
7/12/2014,7,2014,Myo,m,uberX,San Francisco,,1415,12:34 AM,,0,uberX,0.00,0:00:00
7/13/2014,7,2014,-,m,uberX,San Francisco,,1415,10:17 PM,Dropoff time unknown,22,,,
7/13/2014,7,2014,-,m,uberX,San Francisco,,1415,10:16 PM,Dropoff time unknown,22,,,
7/13/2014,7,2014,Mike,m,BLACK,San Francisco,$10.00 ,1415,10:17 PM,Dropoff time unknown,22,BLACK CAR,0.00,0:00:00
7/14/2014,7,2014,Moacir,m,BLACK,San Francisco,$15.00 ,1415,2:37 PM,2:47 PM,14,BLACK CAR,1.32,0:07:11
7/17/2014,7,2014,Arnold,m,uberX,San Francisco,,1415,12:51 PM,,12,uberX,0.00,0:00:00
7/17/2014,7,2014,Jedaias,m,uberX,San Francisco,$10.43 ,1415,2:13 PM,2:30 PM,14,uberX,1.87,0:12:03
7/22/2014,7,2014,Bachar,m,BLACK,San Francisco,,1415,12:00 PM,,12,BLACK CAR,0.00,0:00:00
7/22/2014,7,2014,Keena,m,BLACK,San Francisco,,1415,11:56 AM,,11,BLACK CAR,0.00,0:00:00
7/22/2014,7,2014,WELLINGTON,m,BLACK,San Francisco,$15.00 ,1415,1:07 PM,1:17 PM,13,BLACK CAR,0.92,0:05:54
7/23/2014,7,2014,Sami,m,,San Francisco,$55.85 ,1415,4:16 AM,4:57 AM,4,uberX,26.32,0:27:54
7/30/2014,7,2014,Joe,m,,San Francisco,,1415,12:04 PM,,12,BLACK CAR,0.00,0:00:00
8/5/2014,8,2014,Matthew,m,uberX,San Francisco,$38.67 ,1415,12:28 PM,1:06 PM,12,uberX,14.78,0:28:21
8/11/2014,8,2014,Marcio,m,,San Francisco,$125.00 ,1415,7:47 PM,8:34 PM,19,BLACK CAR,27.78,0:31:47
8/15/2014,8,2014,Jiahui,m,uberX,San Francisco,$15.64 ,1415,6:02 PM,6:32 PM,18,uberX,3.65,0:20:32
8/15/2014,8,2014,Reuben,m,,San Francisco,$21.31 ,1415,11:02 PM,11:19 PM,23,uberX,5.41,0:10:37
8/17/2014,8,2014,Abderahim,m,uberX,San Francisco,,1415,4:00 AM,,4,uberX,0.00,0:00:00
8/17/2014,8,2014,Keary,m,uberX,San Francisco,$12.72 ,1415,1:50 AM,2:02 AM,1,uberX,1.06,0:04:14
8/17/2014,8,2014,MOHAMED,m,BLACK,San Francisco,,1415,4:01 AM,,4,BLACK CAR,0.00,0:00:00
8/20/2014,8,2014,MARK,m,,San Francisco,$64.23 ,5426,5:24 AM,6:33 AM,5,uberX,27.68,0:49:04
8/22/2014,8,2014,-,m,UberBLACK,Chicago,,1415,12:38 PM,,12,,,
8/22/2014,8,2014,Anthony,m,uberX,Chicago,$34.55 ,5426,4:17 PM,5:44 PM,16,uberX,17.90,1:18:41
8/22/2014,8,2014,ZHAVLONBEK,m,UberBLACK,Chicago,$19.00 ,1415,12:38 PM,12:59 PM,12,BLACK CAR,2.07,0:13:28
8/23/2014,8,2014,ABDERREZAK,m,uberX,San Francisco,$6.29 ,5426,9:06 PM,9:19 PM,21,uberX,0.87,0:03:18
8/23/2014,8,2014,Ismail,m,BLACK,San Francisco,$89.51 ,5426,12:42 AM,1:16 AM,0,BLACK CAR,16.53,0:23:52
8/23/2014,8,2014,Pradeep,m,TAXI,San Francisco,$7.80 ,5426,11:33 AM,11:44 AM,11,TAXI,0.94,0:05:07
8/25/2014,8,2014,Getu,m,,San Francisco,$74.49 ,5426,4:52 PM,5:51 PM,16,uberX,34.63,0:48:30
8/25/2014,8,2014,Said,m,Black,Seattle,$55.00 ,5426,8:58 PM,9:19 PM,20,BLACK,14.68,0:16:48
8/26/2014,8,2014,andrey,m,BLACK,San Francisco,$139.45 ,5426,5:44 PM,6:30 PM,17,BLACK CAR,27.40,0:37:59
8/26/2014,8,2014,Girmish,m,Black,Seattle,$55.00 ,5426,1:27 PM,1:49 PM,13,BLACK,14.57,0:18:40
8/28/2014,8,2014,Deep,m,,San Francisco,,5426,11:59 PM,,23,uberX,0.00,0:00:00
8/28/2014,8,2014,Deep,m,,San Francisco,,5426,11:59 PM,,23,uberX,0.00,0:00:00
8/28/2014,8,2014,ghila,m,,San Francisco,,5426,5:44 AM,,5,uberX,0.00,0:00:00
8/28/2014,8,2014,Jaoad,m,,San Francisco,$6.00 ,5426,9:05 PM,9:18 PM,21,uberX,0.59,0:02:20
8/28/2014,8,2014,Tsegay,m,,San Francisco,$6.00 ,5426,5:45 AM,5:54 AM,5,uberX,0.63,0:02:25
8/29/2014,8,2014,Najib,m,,San Francisco,,5426,12:01 AM,,0,BLACK CAR,0.00,0:00:00
8/29/2014,8,2014,Taye,m,,San Francisco,$5.00 ,5426,12:08 AM,Dropoff time unknown,0,uberX,0.00,0:00:00
8/29/2014,8,2014,Taye,m,,San Francisco,,5426,12:03 AM,,0,uberX,0.00,0:00:00
8/29/2014,8,2014,Taye,m,POOL,San Francisco,,5426,12:03 AM,,0,POOL,0.00,0:00:00
8/30/2014,8,2014,Susan,f,uberX,San Francisco,$17.02 ,5426,6:55 PM,7:25 PM,18,uberX,3.93,0:23:43
8/30/2014,8,2014,BRAHIM,m,uberX,San Francisco,,5426,12:20 PM,,12,uberX,0.00,0:00:00
8/30/2014,8,2014,BRAHIM,m,uberX,San Francisco,$6.99 ,5426,12:22 PM,12:30 PM,12,uberX,0.84,0:05:48
8/30/2014,8,2014,Yaqob,m,uberX,San Francisco,,5426,6:25 PM,,18,uberX,0.00,0:00:00
9/5/2014,9,2014,ADDIS,m,uberX,San Francisco,$6.00 ,5426,2:56 PM,3:04 PM,14,uberX,0.62,0:02:37
9/6/2014,9,2014,Todd,m,SUV,San Francisco,$38.00 ,5426,9:44 PM,10:02 PM,21,SUV,2.89,0:13:35
9/9/2014,9,2014,Arslan,m,uberX,San Francisco,$18.41 ,5426,12:19 PM,12:33 PM,12,uberX,7.13,0:12:22
9/13/2014,9,2014,Aristoteles,m,uberX,San Francisco,$8.88 ,5426,11:54 PM,12:09 AM,23,uberX,1.56,0:08:27
9/14/2014,9,2014,Ahmed,m,uberX,San Francisco,$8.50 ,5426,7:57 AM,8:07 AM,7,uberX,1.83,0:05:52
9/14/2014,9,2014,Samuel,m,uberX,San Francisco,$5.00 ,5426,7:44 AM,Dropoff time unknown,7,uberX,0.00,0:00:00
9/16/2014,9,2014,Kelley,m,uberX,San Francisco,$5.80 ,5426,8:36 PM,8:48 PM,20,uberX,1.15,0:04:16
9/16/2014,9,2014,Prince,m,uberX,San Francisco,$6.80 ,5426,10:10 PM,10:26 PM,22,uberX,1.38,0:06:58
9/17/2014,9,2014,TASHI,m,uberX,Denver,$43.88 ,5426,8:33 PM,9:18 PM,20,uberX,26.64,0:36:57
9/17/2014,9,2014,William,m,uberX,San Francisco,$13.69 ,5426,6:37 AM,7:04 AM,6,uberX,4.57,0:17:27
9/18/2014,9,2014,Hader,m,UberSUV,Denver,$25.00 ,5426,10:06 PM,10:19 PM,22,SUV,1.17,0:07:35
9/18/2014,9,2014,Haile,m,UberSUV,Denver,,1415,9:49 PM,,21,SUV,0.00,0:00:00
9/18/2014,9,2014,JOE,m,uberX,Denver,$16.91 ,5426,12:29 AM,12:52 AM,0,uberX,9.00,0:17:16
9/18/2014,9,2014,Jordan,m,uberX,Denver,$14.47 ,5426,7:14 AM,7:51 AM,7,uberX,6.44,0:23:32
9/19/2014,9,2014,BRANDON,m,uberX,Denver,$17.44 ,5426,12:22 AM,12:44 AM,0,uberX,9.50,0:16:24
9/19/2014,9,2014,HAYELOM,m,uberX,Denver,,1415,8:28 AM,,8,uberX,0.00,0:00:00
9/19/2014,9,2014,HAYELOM,m,uberX,Denver,$20.46 ,5426,8:30 AM,9:12 AM,8,uberX,9.89,0:31:58
9/19/2014,9,2014,Kebir,m,UberBLACK,Denver,,1415,8:30 AM,,8,BLACK CAR,0.00,0:00:00
9/20/2014,9,2014,Misha,m,uberX,San Francisco,$9.04 ,5426,11:30 PM,11:38 PM,23,uberX,1.37,0:05:19
9/22/2014,9,2014,Max,m,uberX,San Francisco,$6.00 ,5426,10:37 AM,10:45 AM,10,uberX,0.90,0:06:16
9/25/2014,9,2014,-,m,uberX,Louisville,,5426,11:49 PM,Dropoff time unknown,23,,,
9/26/2014,9,2014,Andrew,m,uberX,Louisville,$12.27 ,5426,10:28 PM,10:47 PM,22,uberX,3.39,0:13:24
9/26/2014,9,2014,Haisam,m,uberX,Louisville,$13.37 ,5426,8:03 PM,8:25 PM,20,uberX,3.24,0:17:48
9/26/2014,9,2014,modou,m,uberX,Louisville,$7.86 ,5426,7:43 AM,7:57 AM,7,uberX,1.07,0:09:32
9/27/2014,9,2014,BRIAN,m,uberX,Louisville,$5.12 ,5426,8:06 AM,8:13 AM,8,uberX,0.66,0:02:21
9/27/2014,9,2014,Jeffrey,m,uberX,Louisville,,5426,7:59 AM,,7,uberX,0.00,0:00:00
9/27/2014,9,2014,JOHN,m,uberX,Louisville,$5.68 ,5426,12:39 AM,12:50 AM,0,uberX,0.66,0:04:12
9/30/2014,9,2014,SANGAT,m,uberX,San Francisco,,5426,10:17 AM,,10,uberX,0.00,0:00:00
10/4/2014,10,2014,Joefred UNSUB,m,uberX,San Francisco,$68.88 ,5426,7:25 AM,8:19 AM,7,uberX,41.40,0:45:35
10/4/2014,10,2014,NYAMTUR,m,BLACK,San Francisco,$27.76 ,5426,12:50 AM,1:12 AM,0,BLACK CAR,2.68,0:14:56
10/4/2014,10,2014,Vinh,m,uberX,San Francisco,$14.14 ,5426,1:53 AM,2:17 AM,1,uberX,2.30,0:20:27
10/6/2014,10,2014,PE,m,uberX,San Francisco,$70.37 ,5426,10:21 PM,11:22 PM,22,uberX,40.91,0:53:46
10/10/2014,10,2014,-,m,uberX,San Francisco,,5426,5:37 PM,,17,,,
10/14/2014,10,2014,Vishal,m,uberX,San Francisco,$47.80 ,5426,4:27 AM,5:07 AM,4,uberX,26.01,0:26:05
10/16/2014,10,2014,CJ,m,UberBLACK,Washington D.C.,$90.00 ,5426,6:59 PM,7:45 PM,18,BLACK CAR,27.21,0:43:18
10/16/2014,10,2014,Oly,m,BLACK,San Francisco,,5426,11:04 PM,Dropoff time unknown,23,BLACK CAR,0.00,0:00:00
10/16/2014,10,2014,Ziad,m,BLACK,San Francisco,$125.33 ,5426,11:11 PM,11:40 PM,23,BLACK CAR,25.67,0:26:15
10/20/2014,10,2014,Khalid,m,uberX,San Francisco,,5426,3:08 PM,Dropoff time unknown,15,uberX,0.00,0:00:00
10/20/2014,10,2014,Vijay,m,uberX,San Francisco,$83.68 ,5426,3:11 PM,4:26 PM,15,uberX,48.21,1:08:27
10/29/2014,10,2014,Ajay,m,uberX,San Francisco,,5426,9:25 PM,,21,uberX,0.00,0:00:00
10/31/2014,10,2014,Deepak,m,uberX,San Francisco,$17.86 ,5426,11:22 PM,11:43 PM,23,uberX,3.83,0:15:37
10/31/2014,10,2014,HUSNIDDIN,m,uberX,San Francisco,,5426,11:21 PM,Dropoff time unknown,23,uberX,0.00,0:00:00
10/31/2014,10,2014,Raymond,m,BLACK,San Francisco,$33.96 ,5426,9:42 PM,10:07 PM,21,BLACK CAR,3.96,0:17:05
10/31/2014,10,2014,TEC,m,uberX,San Francisco,,5426,11:22 PM,,23,uberX,0.00,0:00:00
11/4/2014,11,2014,Erik,m,uberX,San Francisco,$47.47 ,5426,6:12 AM,6:50 AM,6,uberX,25.45,0:28:11
11/6/2014,11,2014,Chunnu,m,POOL,San Francisco,$7.80 ,5426,10:29 AM,10:42 AM,10,POOL,1.63,0:09:33
11/6/2014,11,2014,Yahya,m,,San Francisco,$4.69 ,5426,12:45 PM,1:01 PM,12,POOL,1.70,0:06:30
11/14/2014,11,2014,Frank,m,uberX,San Francisco,$22.20 ,5426,1:00 PM,1:19 PM,13,uberX,9.20,0:12:16
11/14/2014,11,2014,Salvador,m,uberX,San Francisco,$32.06 ,5426,12:31 PM,12:56 PM,12,uberX,17.29,0:24:34
11/26/2014,11,2014,Chris,m,uberX,New York City,$8.00 ,5426,11:45 PM,11:55 PM,23,uberX,1.09,0:05:33
11/26/2014,11,2014,Oybek,m,uberX,New York City,$65.33 ,5426,12:01 AM,12:29 AM,0,uberX,16.84,0:23:08
11/27/2014,11,2014,Samuel,m,uberX,New York City,$60.00 ,5426,1:57 PM,3:09 PM,13,uberX,16.91,1:05:03
12/9/2014,12,2014,GEORGE,m,uberX,San Francisco,$29.24 ,5426,6:09 AM,6:45 AM,6,uberX,15.23,0:24:02
12/12/2014,12,2014,Jeannine,f,uberX,San Francisco,,5426,7:00 PM,Dropoff time unknown,19,,,
12/12/2014,12,2014,Pritpal,m,uberX,San Francisco,$16.39 ,5426,4:39 PM,5:06 PM,16,uberX,7.35,0:14:01
12/12/2014,12,2014,SYLVESTER,m,uberX,San Francisco,$16.90 ,5426,7:03 PM,7:38 PM,19,uberX,6.03,0:22:33
12/13/2014,12,2014,ARSHAD,m,uberX,San Francisco,$7.25 ,5426,9:33 PM,9:47 PM,21,uberX,1.24,0:09:22
12/13/2014,12,2014,Saeed,m,uberX,San Francisco,,5426,8:07 PM,Dropoff time unknown,20,uberX,0.00,0:00:00
12/13/2014,12,2014,Toufik,m,BLACK,San Francisco,$16.62 ,5426,6:50 PM,7:01 PM,18,BLACK CAR,0.97,0:07:40
12/13/2014,12,2014,ZERIET,m,uberX,San Francisco,,5426,8:13 PM,,20,uberX,0.00,0:00:00
12/26/2014,12,2014,Aweis,m,POOL,San Francisco,$16.27 ,5426,9:53 AM,10:10 AM,9,POOL,5.58,0:07:35
12/26/2014,12,2014,STEVE,m,uberX,Denver,$4.55 ,5426,5:37 AM,5:52 AM,5,uberX,0.97,0:07:42
1/13/2015,1,2015,Fariz,m,uberX,San Francisco,,5426,9:53 PM,,21,uberX,0.00,0:00:00
1/16/2015,1,2015,Balinder,m,uberX,San Francisco,,,9:45 PM,Dropoff time unknown,21,uberX,0.00,0:00:00
1/16/2015,1,2015,Cirilo Maya,m,BLACK,San Francisco,$35.57 ,5426,11:41 PM,11:58 PM,23,BLACK CAR,5.21,0:12:19
1/16/2015,1,2015,Joven,m,uberX,San Francisco,$20.96 ,5426,9:53 PM,10:30 PM,21,uberX,7.38,0:31:26
1/16/2015,1,2015,Raymond,m,uberX,San Francisco,$5.00 ,5426,11:34 PM,,23,uberX,0.00,0:00:00
1/17/2015,1,2015,Aaron,m,uberX,San Francisco,,5426,12:40 AM,Dropoff time unknown,0,uberX,0.00,0:00:00
1/17/2015,1,2015,Aaron,m,uberX,San Francisco,,5426,12:36 AM,,0,uberX,0.00,0:00:00
1/17/2015,1,2015,Aaron,m,uberX,San Francisco,$10.00 ,5426,12:43 AM,,0,uberX,0.10,0:00:54
1/17/2015,1,2015,Aaron,m,uberX,San Francisco,$5.03 ,5426,12:45 AM,12:49 AM,0,uberX,0.82,0:02:57
1/17/2015,1,2015,WILLIAM,m,uberX,San Francisco,,5426,12:45 AM,,0,uberX,0.00,0:00:00
1/18/2015,1,2015,Abbas,m,uberX,San Francisco,$28.48 ,5426,7:06 PM,7:33 PM,19,uberX,15.71,0:18:39
1/18/2015,1,2015,Joel,m,uberX,San Francisco,,5426,7:06 PM,,19,uberX,0.00,0:00:00
1/24/2015,1,2015,EDUARD,m,uberX,San Francisco,$46.73 ,5426,4:57 AM,5:32 AM,4,uberX,25.73,0:24:01
1/24/2015,1,2015,RAFAEL,m,uberX,Los Angeles,$14.88 ,5426,7:34 AM,7:58 AM,7,uberX,6.88,0:14:55
1/24/2015,1,2015,Reza,m,uberX,Los Angeles,,5426,7:31 AM,,7,uberX,0.00,0:00:00
1/26/2015,1,2015,Garric,m,uberX,Los Angeles,$5.54 ,5909,10:21 PM,10:41 PM,22,uberX,3.14,0:09:33
1/26/2015,1,2015,Yazid,m,uberX,Los Angeles,$5.83 ,5909,7:04 PM,7:20 PM,19,uberX,3.32,0:10:14
1/28/2015,1,2015,Adam,m,uberX,Los Angeles,,5909,8:35 AM,,8,uberX,0.00,0:00:00
1/28/2015,1,2015,BRETT,m,UberSELECT,Los Angeles,$24.62 ,5909,8:36 AM,9:01 AM,8,SELECT,4.56,0:19:45
1/28/2015,1,2015,GILMAR,m,POOL,San Francisco,$24.67 ,5909,2:55 PM,3:35 PM,14,POOL,10.33,0:29:40
1/28/2015,1,2015,Nabil,m,uberX,Los Angeles,$16.50 ,5909,11:44 AM,12:12 PM,11,uberX,12.84,0:21:58
1/30/2015,1,2015,Salvador,m,uberX,San Francisco,$10.20 ,4602,11:33 AM,11:46 AM,11,uberX,3.27,0:10:34
2/2/2015,2,2015,WENCHANG,m,uberX,San Francisco,$11.00 ,4602,6:50 AM,7:04 AM,6,uberX,1.07,0:04:29
2/3/2015,2,2015,Ahmad,m,BLACK,San Francisco,$22.28 ,4602,6:25 PM,6:46 PM,18,BLACK CAR,1.65,0:12:26
2/3/2015,2,2015,Brian,m,SUV,San Francisco,$25.00 ,4602,10:24 PM,10:30 PM,22,SUV,0.01,0:00:50
2/3/2015,2,2015,Jimmie,m,uberX,San Francisco,,4602,5:06 PM,,17,uberX,0.00,0:00:00
2/5/2015,2,2015,Martina,f,POOL,San Francisco,$6.58 ,4602,9:26 AM,9:48 AM,9,POOL,1.48,0:18:46
2/5/2015,2,2015,Tak,m,POOL,San Francisco,$11.89 ,4602,3:59 PM,4:21 PM,15,POOL,3.10,0:17:56
2/6/2015,2,2015,Ho,m,POOL,San Francisco,$11.82 ,4602,10:34 PM,11:02 PM,22,POOL,2.95,0:20:21
2/6/2015,2,2015,Nizar,m,POOL,San Francisco,$17.55 ,4602,6:40 PM,7:04 PM,18,POOL,1.64,0:16:08
2/7/2015,2,2015,Belaid,m,POOL,San Francisco,$5.10 ,4602,11:45 PM,11:51 PM,23,POOL,0.78,0:03:25
2/7/2015,2,2015,Dawit,m,POOL,San Francisco,$12.56 ,4602,9:32 AM,9:52 AM,9,POOL,2.15,0:14:10
2/7/2015,2,2015,Firoz,m,POOL,San Francisco,$16.24 ,4602,2:23 PM,2:47 PM,14,POOL,3.43,0:13:28
2/7/2015,2,2015,Sokpeao,m,uberX,San Francisco,,4602,10:58 PM,,22,uberX,0.00,0:00:00
2/8/2015,2,2015,Intiaz,m,POOL,San Francisco,,4602,10:19 PM,,22,POOL,0.00,0:00:00
2/9/2015,2,2015,SEBASTIEN,m,POOL,San Francisco,$28.53 ,4602,8:04 AM,8:48 AM,8,POOL,3.34,0:38:48
2/10/2015,2,2015,FRANCIS,m,POOL,San Francisco,$23.30 ,4602,5:48 PM,6:14 PM,17,POOL,3.72,0:20:36
2/10/2015,2,2015,Rafael,m,POOL,San Francisco,$19.78 ,4602,9:21 PM,9:54 PM,21,POOL,5.25,0:29:09
2/14/2015,2,2015,Farhan,m,POOL,San Francisco,$14.55 ,4602,3:33 PM,4:03 PM,15,POOL,2.32,0:21:31
2/15/2015,2,2015,Richard,m,POOL,San Francisco,,4602,7:30 PM,,19,POOL,0.00,0:00:00
2/15/2015,2,2015,Richard,m,POOL,San Francisco,,4602,7:30 PM,,19,POOL,0.00,0:00:00
2/15/2015,2,2015,Richard,m,POOL,San Francisco,,4602,7:25 PM,,19,POOL,0.00,0:00:00
2/15/2015,2,2015,Richard,m,POOL,San Francisco,$19.73 ,4602,7:21 PM,8:18 PM,19,POOL,8.50,0:36:58
2/15/2015,2,2015,Robert,m,POOL,San Francisco,,4602,7:20 PM,,19,POOL,0.00,0:00:00
2/17/2015,2,2015,Dovdon,m,POOL,San Francisco,$11.30 ,4602,6:50 AM,6:57 AM,6,POOL,1.08,0:04:10
2/17/2015,2,2015,Victor,m,POOL,San Francisco,,4602,6:44 AM,Dropoff time unknown,6,POOL,0.00,0:00:00
2/19/2015,2,2015,DENNIS,m,POOL,San Francisco,,4602,1:39 PM,,13,POOL,0.00,0:00:00
2/19/2015,2,2015,DENNIS,m,POOL,San Francisco,,4602,1:36 PM,,13,POOL,0.00,0:00:00
2/19/2015,2,2015,Stephen,m,POOL,San Francisco,$23.73 ,4602,1:39 PM,2:29 PM,13,POOL,9.72,0:44:50
2/19/2015,2,2015,Vladimir,m,POOL,San Francisco,$5.43 ,4602,1:13 PM,1:22 PM,13,POOL,0.91,0:04:02
2/26/2015,2,2015,Alexsey,m,uberX,San Francisco,$28.15 ,4602,7:07 PM,7:30 PM,19,uberX,4.40,0:19:19
2/26/2015,2,2015,ASMEROM,m,uberX,San Francisco,$5.37 ,4602,11:25 PM,11:31 PM,23,uberX,0.94,0:03:39
2/27/2015,2,2015,HUGO,m,POOL,San Francisco,,4602,5:29 AM,,5,POOL,0.00,0:00:00
2/27/2015,2,2015,Radek,m,POOL,San Francisco,$20.81 ,4602,5:31 AM,5:53 AM,5,POOL,5.92,0:16:21
2/27/2015,2,2015,Sumi,m,uberX,San Francisco,$18.89 ,4602,12:50 AM,1:17 AM,0,uberX,7.83,0:21:12
3/3/2015,3,2015,Arif,m,uberX,San Francisco,$5.19 ,4602,7:38 PM,7:46 PM,19,uberX,0.71,0:04:07
3/3/2015,3,2015,Ben,m,uberX,San Francisco,,4602,8:46 PM,Dropoff time unknown,20,uberX,0.00,0:00:00
3/3/2015,3,2015,KIEN,m,uberX,San Francisco,$5.86 ,4602,7:48 PM,7:56 PM,19,uberX,0.93,0:05:34
3/3/2015,3,2015,Samir,m,uberX,San Francisco,$5.00 ,4602,8:38 PM,Dropoff time unknown,20,uberX,0.00,0:00:00
3/3/2015,3,2015,zafar,m,uberX,San Francisco,$14.50 ,4602,11:33 PM,11:47 PM,23,uberX,3.25,0:09:55
3/4/2015,3,2015,donald,m,POOL,San Francisco,$24.41 ,4602,8:16 AM,8:53 AM,8,POOL,4.09,0:32:50
3/4/2015,3,2015,milton,m,POOL,San Francisco,,4602,8:12 AM,,8,POOL,0.00,0:00:00
3/5/2015,3,2015,Marcos,m,POOL,San Francisco,,4602,7:49 PM,,19,POOL,0.00,0:00:00
3/5/2015,3,2015,maung,m,uberX,San Francisco,$13.90 ,4602,7:49 PM,8:08 PM,19,uberX,2.41,0:12:32
3/6/2015,3,2015,Ghulam,m,POOL,San Francisco,$14.87 ,4602,6:23 AM,6:50 AM,6,POOL,3.54,0:22:34
3/12/2015,3,2015,Nikolas,m,BLACK,San Francisco,$21.00 ,4602,9:13 PM,9:24 PM,21,BLACK CAR,2.13,0:07:41
3/13/2015,3,2015,Nazmi,m,uberX,San Francisco,$30.48 ,4602,6:46 AM,7:14 AM,6,uberX,16.13,0:24:16
3/14/2015,3,2015,Anthony,m,POOL,San Francisco,$46.46 ,4602,6:45 AM,7:25 AM,6,POOL,8.51,0:25:14
3/14/2015,3,2015,Dawer,m,POOL,San Francisco,,4602,6:48 AM,,6,POOL,0.00,0:00:00
3/14/2015,3,2015,Gurbax,m,POOL,San Francisco,,4602,6:50 AM,,6,POOL,0.00,0:00:00
3/14/2015,3,2015,Gurbax,m,POOL,San Francisco,,4602,6:49 AM,,6,POOL,0.00,0:00:00
3/14/2015,3,2015,Gurbax,m,POOL,San Francisco,,4602,6:49 AM,,6,POOL,0.00,0:00:00
3/14/2015,3,2015,Gurbax,m,POOL,San Francisco,,4602,6:49 AM,,6,POOL,0.00,0:00:00
3/19/2015,3,2015,Asadullah (Asad),m,POOL,San Francisco,$37.26 ,4602,10:58 PM,11:46 PM,22,POOL,18.47,0:37:05
3/20/2015,3,2015,ANTHONY,m,uberX,San Francisco,,4602,10:23 PM,,22,uberX,0.00,0:00:00
3/23/2015,3,2015,DAWIT,m,uberX,San Francisco,$8.50 ,4602,7:32 AM,7:54 AM,7,uberX,2.18,0:09:31
3/25/2015,3,2015,Hassan,m,,San Francisco,$170.43 ,4602,11:39 AM,12:52 PM,11,BLACK CAR,30.66,1:07:05
3/31/2015,3,2015,Peter,m,POOL,San Francisco,,4602,8:17 PM,Dropoff time unknown,20,,,
3/31/2015,3,2015,Vincent,m,POOL,San Francisco,$30.88 ,4602,8:21 PM,8:43 PM,20,POOL,5.32,0:17:10
4/1/2015,4,2015,SHEEHAN,m,POOL,San Francisco,$7.00 ,4602,8:31 AM,9:26 AM,8,,,
4/2/2015,4,2015,John,m,POOL,San Francisco,$17.17 ,4602,6:53 PM,7:19 PM,18,POOL,1.49,0:19:19
4/3/2015,4,2015,AUKIF,m,POOL,San Francisco,$10.41 ,4602,12:09 AM,12:26 AM,0,POOL,2.39,0:13:41
4/3/2015,4,2015,BEHAILU,m,POOL,San Francisco,$12.47 ,4602,7:21 AM,7:41 AM,7,POOL,4.05,0:26:55
4/15/2015,4,2015,Brittany,m,POOL,San Francisco,$10.15 ,4602,12:10 AM,12:25 AM,0,POOL,2.88,0:12:18
4/15/2015,4,2015,Dawa,m,POOL,San Francisco,,4602,9:03 PM,,21,POOL,0.00,0:00:00
4/15/2015,4,2015,Lhays,m,POOL,San Francisco,$20.68 ,4602,7:49 AM,8:30 AM,7,POOL,2.58,0:33:50
4/15/2015,4,2015,LLESENIA,m,uberX,San Francisco,$5.90 ,4602,9:44 AM,9:52 AM,9,uberX,1.03,0:05:16
4/15/2015,4,2015,Mychal,m,POOL,San Francisco,,4602,9:02 PM,,21,POOL,0.00,0:00:00
4/15/2015,4,2015,Sam,m,uberX,San Francisco,,4602,10:33 PM,,22,uberX,0.00,0:00:00
4/16/2015,4,2015,Pasang,m,POOL,San Francisco,$10.54 ,4602,7:10 AM,7:20 AM,7,POOL,1.09,0:05:24
4/20/2015,4,2015,Ernest,m,uberX,San Francisco,$14.50 ,4602,7:07 PM,7:22 PM,19,uberX,2.00,0:10:20
4/20/2015,4,2015,Gurbachan,m,POOL,San Francisco,$6.20 ,4602,11:59 AM,12:10 PM,11,POOL,0.98,0:06:38
4/20/2015,4,2015,JAGDEEP,m,POOL,San Francisco,$14.13 ,4602,10:35 PM,10:55 PM,22,POOL,2.02,0:17:31
4/20/2015,4,2015,Miguel,m,uberX,San Francisco,$5.48 ,4602,12:48 PM,12:55 PM,12,uberX,0.66,0:05:30
4/20/2015,4,2015,rachael,m,uberX,San Francisco,$11.18 ,4602,8:03 PM,8:26 PM,20,uberX,2.77,0:16:51
4/20/2015,4,2015,TUL,m,uberX,San Francisco,,4602,8:59 PM,Dropoff time unknown,20,uberX,0.00,0:00:00
4/20/2015,4,2015,WILLIAM,m,POOL,San Francisco,$14.43 ,4602,11:28 AM,11:51 AM,11,POOL,4.83,0:19:01
4/21/2015,4,2015,Aristoteles,m,POOL,San Francisco,$15.29 ,4602,11:59 PM,12:12 AM,23,POOL,3.17,0:12:20
4/21/2015,4,2015,Mark,m,SUV,San Francisco,,4602,6:00 PM,,18,SUV,0.00,0:00:00
4/21/2015,4,2015,ZEKARYAS,m,TAXI,San Francisco,$28.70 ,4602,8:39 AM,9:26 AM,8,TAXI,4.10,0:37:53
4/22/2015,4,2015,JILL,f,uberX,San Francisco,,4602,5:59 PM,,17,uberX,0.00,0:00:00
4/22/2015,4,2015,Andrew,m,POOL,San Francisco,$10.39 ,4602,11:51 PM,12:07 AM,23,POOL,3.40,0:10:39
4/22/2015,4,2015,FAIZ,m,POOL,San Francisco,,4602,6:01 PM,,18,POOL,0.00,0:00:00
4/22/2015,4,2015,Gevorg,m,uberX,San Francisco,$11.71 ,4602,6:01 PM,6:10 PM,18,uberX,1.03,0:06:00
4/22/2015,4,2015,Murat,m,POOL,San Francisco,$13.42 ,4602,9:09 AM,9:41 AM,9,POOL,1.86,0:26:02
4/23/2015,4,2015,alton,m,POOL,San Francisco,$16.26 ,4602,7:58 AM,8:30 AM,7,POOL,2.56,0:25:29
4/23/2015,4,2015,EMMANUEL,m,uberX,San Francisco,$7.57 ,4602,9:53 AM,10:08 AM,9,uberX,0.94,0:12:06
4/23/2015,4,2015,FRANCISCO EVANDRO,m,BLACK,San Francisco,$15.00 ,4602,5:21 PM,5:32 PM,17,BLACK CAR,0.68,0:06:14
4/23/2015,4,2015,HAZEM,m,POOL,San Francisco,$12.80 ,4602,9:14 PM,9:30 PM,21,POOL,2.07,0:13:49
4/24/2015,4,2015,Martina,f,uberX,San Francisco,,4602,11:41 AM,,11,uberX,0.00,0:00:00
4/24/2015,4,2015,Alan,m,POOL,San Francisco,,4602,11:52 PM,,23,POOL,0.00,0:00:00
4/24/2015,4,2015,JOHN,m,POOL,San Francisco,$16.03 ,4602,8:17 AM,8:46 AM,8,POOL,2.97,0:30:03
4/24/2015,4,2015,khuchitbaatar,m,uberX,San Francisco,,4602,1:01 PM,,13,uberX,0.00,0:00:00
4/24/2015,4,2015,koon wai,m,POOL,San Francisco,,4602,11:40 AM,,11,POOL,0.00,0:00:00
4/24/2015,4,2015,Rafael,m,POOL,San Francisco,,4602,11:42 PM,,23,POOL,0.00,0:00:00
4/24/2015,4,2015,Rafael,m,POOL,San Francisco,,4602,11:41 PM,,23,POOL,0.00,0:00:00
4/24/2015,4,2015,TARAZANO,m,POOL,San Francisco,$12.57 ,4602,11:54 PM,12:10 AM,23,POOL,3.66,0:10:19
4/24/2015,4,2015,Te,m,uberX,San Francisco,,4602,11:42 AM,,11,uberX,0.00,0:00:00
4/24/2015,4,2015,yuji,m,uberX,San Francisco,$13.77 ,4602,1:01 PM,1:25 PM,13,uberX,2.01,0:19:16
4/25/2015,4,2015,YING,m,POOL,San Francisco,$8.75 ,4602,1:08 PM,1:22 PM,13,POOL,1.25,0:05:11
5/3/2015,5,2015,chad,m,POOL,San Francisco,$5.96 ,4602,9:08 AM,9:17 AM,9,POOL,1.15,0:04:50
5/3/2015,5,2015,JAINAN,m,POOL,San Francisco,$12.19 ,4602,4:21 PM,4:47 PM,16,POOL,1.91,0:19:39
5/7/2015,5,2015,Gregory,m,POOL,San Francisco,$6.00 ,4602,8:48 PM,9:10 PM,20,POOL,1.55,0:10:53
5/8/2015,5,2015,Shakti,m,POOL,San Francisco,$7.01 ,4602,7:04 AM,7:26 AM,7,POOL,1.83,0:13:50
5/10/2015,5,2015,david,m,uberX,San Francisco,,4602,1:54 PM,,13,uberX,0.00,0:00:00
5/10/2015,5,2015,Gregory,m,uberX,San Francisco,,4602,2:21 PM,,14,uberX,0.00,0:00:00
5/10/2015,5,2015,JORGE EDUARDO,m,uberX,San Francisco,,4602,1:45 PM,,13,uberX,0.00,0:00:00
5/10/2015,5,2015,Kayode,m,uberX,San Francisco,,4602,1:47 PM,,13,uberX,0.00,0:00:00
5/10/2015,5,2015,Nelio,m,uberX,San Francisco,,4602,1:47 PM,Dropoff time unknown,13,uberX,0.00,0:00:00
5/13/2015,5,2015,Veronica,m,POOL,San Francisco,$15.88 ,4602,6:29 PM,6:58 PM,18,POOL,2.20,0:26:01
5/15/2015,5,2015,tony,m,POOL,San Francisco,$7.04 ,4602,9:28 PM,9:43 PM,21,POOL,1.05,0:09:30
5/15/2015,5,2015,Zhiyi,m,POOL,San Francisco,$6.35 ,4602,8:39 PM,8:51 PM,20,POOL,1.03,0:06:58
5/16/2015,5,2015,JOSEPH,m,uberX,San Francisco,$25.74 ,4602,6:59 PM,7:32 PM,18,uberX,11.97,0:26:51
5/16/2015,5,2015,MUHAMMAD MOSTAFIZUR,m,POOL,San Francisco,$12.20 ,4602,2:01 AM,2:03 AM,2,POOL,0.00,0:00:00
5/16/2015,5,2015,thakur,m,POOL,San Francisco,$10.16 ,4602,2:04 AM,2:10 AM,2,POOL,1.03,0:03:59
5/19/2015,5,2015,Aidarous,m,uberX,Boston,$20.47 ,4602,9:59 PM,10:10 PM,21,uberX,4.40,0:08:45
5/19/2015,5,2015,Bill,m,uberX,Boston,$34.77 ,4602,3:25 PM,4:20 PM,15,uberX,6.79,0:45:52
5/19/2015,5,2015,Cody,m,uberX,San Francisco,$47.59 ,4602,4:50 AM,5:26 AM,4,uberX,25.87,0:26:38
5/19/2015,5,2015,FABRICIO,m,uberX,Boston,,4602,5:39 PM,,17,uberX,0.00,0:00:00
5/19/2015,5,2015,FABRICIO,m,uberX,Boston,$11.83 ,4602,5:39 PM,6:06 PM,17,uberX,2.89,0:25:34
5/20/2015,5,2015,Bernard,m,uberX,Boston,$6.77 ,4602,6:36 PM,6:48 PM,18,uberX,1.00,0:05:53
5/20/2015,5,2015,GLENNY,m,uberX,Boston,$9.04 ,4602,8:30 PM,8:45 PM,20,uberX,3.41,0:09:18
5/20/2015,5,2015,Rafael,m,uberX,Boston,$13.09 ,4602,11:06 AM,11:36 AM,11,uberX,3.57,0:27:38
5/20/2015,5,2015,Rudyner,m,uberXL,Boston,,4602,7:02 AM,,7,uberXL,0.00,0:00:00
5/20/2015,5,2015,Rudyner,m,uberXL,Boston,$8.16 ,4602,7:03 AM,7:10 AM,7,uberXL,0.92,0:04:02
5/20/2015,5,2015,Timmy,m,uberX,Boston,$11.14 ,4602,11:46 PM,11:59 PM,23,uberX,2.83,0:08:49
5/20/2015,5,2015,Wesner,m,uberX,Boston,$8.32 ,4602,9:01 PM,9:21 PM,21,uberX,2.86,0:09:01
5/21/2015,5,2015,SINARA,f,uberX,Boston,$22.22 ,4602,4:58 AM,5:16 AM,4,uberX,6.15,0:14:43
5/21/2015,5,2015,Stephen,m,uberX,San Francisco,$50.20 ,4602,9:35 AM,10:18 AM,9,uberX,25.57,0:38:08
5/22/2015,5,2015,EMAD,m,uberX,San Francisco,,4602,2:40 PM,,14,uberX,0.00,0:00:00
5/22/2015,5,2015,RODOLFO,m,uberX,San Francisco,,4602,4:25 PM,,16,uberX,0.00,0:00:00
5/22/2015,5,2015,RODOLFO,m,uberX,San Francisco,$13.19 ,4602,4:29 PM,4:41 PM,16,uberX,3.02,0:08:30
5/22/2015,5,2015,SUJAN,m,uberX,San Francisco,$5.79 ,4602,2:51 PM,3:03 PM,14,uberX,1.11,0:04:26
5/25/2015,5,2015,Sha,m,uberX,San Francisco,$47.58 ,4602,8:20 PM,8:56 PM,20,uberX,25.48,0:28:30
5/28/2015,5,2015,Bijan,m,uberX,San Francisco,$5.08 ,4602,1:18 PM,1:24 PM,13,uberX,0.76,0:03:26
5/28/2015,5,2015,Brendan,m,uberX,San Francisco,$5.04 ,4602,9:10 PM,9:22 PM,21,uberX,0.70,0:03:37
5/28/2015,5,2015,CARL,m,POOL,San Francisco,$13.30 ,4602,6:14 PM,6:40 PM,18,POOL,2.21,0:16:54
5/28/2015,5,2015,Jianming,m,POOL,San Francisco,$10.93 ,4602,9:36 AM,9:50 AM,9,POOL,1.57,0:09:06
5/28/2015,5,2015,Sonam,m,POOL,San Francisco,$13.73 ,4602,11:01 AM,11:27 AM,11,POOL,2.80,0:22:16
5/28/2015,5,2015,Young,m,uberX,San Francisco,$5.46 ,4602,4:22 PM,4:32 PM,16,uberX,0.89,0:04:14
5/29/2015,5,2015,Frederico,m,POOL,San Francisco,$18.04 ,4602,7:50 AM,8:28 AM,7,POOL,3.03,0:33:29
5/29/2015,5,2015,Jose,m,uberX,San Francisco,$5.46 ,4602,9:38 AM,9:46 AM,9,uberX,0.87,0:04:20
5/29/2015,5,2015,Rafique,m,POOL,San Francisco,$15.38 ,4602,6:52 PM,7:20 PM,18,POOL,4.37,0:24:20
6/1/2015,6,2015,Antonio,m,uberX,San Francisco,$6.36 ,4602,12:54 PM,1:03 PM,12,uberX,1.11,0:06:36
6/2/2015,6,2015,Phil,m,uberX,San Francisco,,4602,8:03 PM,,20,uberX,0.00,0:00:00
6/2/2015,6,2015,Timothy,m,uberX,San Francisco,$10.46 ,4602,10:18 PM,10:31 PM,22,uberX,1.83,0:08:26
6/3/2015,6,2015,Ghyar,m,uberX,San Francisco,,4602,9:55 PM,,21,uberX,0.00,0:00:00
6/3/2015,6,2015,Ghyar,m,uberX,San Francisco,$10.04 ,4602,9:56 PM,10:08 PM,21,uberX,1.43,0:09:15
6/3/2015,6,2015,Jeff,m,POOL,San Francisco,$9.24 ,4602,6:26 PM,6:54 PM,18,POOL,1.66,0:20:25
6/3/2015,6,2015,moussa,m,POOL,San Francisco,$5.82 ,4602,1:18 PM,1:28 PM,13,POOL,0.79,0:06:09
6/4/2015,6,2015,Abduljabbar QASEM,m,uberX,San Francisco,,4602,11:08 PM,Dropoff time unknown,23,,,
6/4/2015,6,2015,FABIANO,m,POOL,San Francisco,$8.20 ,4602,7:17 AM,7:40 AM,7,POOL,2.24,0:18:37
6/4/2015,6,2015,YEHLEEN,m,uberX,San Francisco,$5.96 ,4602,11:10 PM,11:19 PM,23,uberX,1.15,0:04:53
6/7/2015,6,2015,Amjad,m,uberX,San Francisco,$13.55 ,4602,12:04 PM,12:16 PM,12,uberX,3.36,0:08:14
6/7/2015,6,2015,John,m,uberX,Washington D.C.,$46.43 ,4602,9:21 PM,10:24 PM,21,uberX,34.73,0:40:03
6/8/2015,6,2015,Abiodun,m,uberX,Washington D.C.,$48.62 ,4602,10:08 PM,11:04 PM,22,uberX,35.31,0:48:01
6/10/2015,6,2015,KEith,m,uberX,Washington D.C.,$5.00 ,4602,10:37 AM,,10,uberX,0.00,0:00:00
6/10/2015,6,2015,Tariq,m,BLACK,San Francisco,,4602,3:34 PM,,15,BLACK CAR,0.00,0:00:00
6/11/2015,6,2015,ANTONIO,m,uberX,San Francisco,,4602,10:22 PM,,22,uberX,0.00,0:00:00
6/11/2015,6,2015,fouad,m,POOL,San Francisco,$17.61 ,4602,5:38 PM,5:59 PM,17,POOL,1.37,0:17:53
6/17/2015,6,2015,CHRISTIAN,m,POOL,San Francisco,$10.92 ,4602,11:29 PM,11:46 PM,23,POOL,3.17,0:13:51
6/17/2015,6,2015,Hatem,m,POOL,San Francisco,,4602,11:24 PM,Dropoff time unknown,23,POOL,0.00,0:00:00
6/17/2015,6,2015,JERRY,m,POOL,San Francisco,,4602,7:45 PM,Dropoff time unknown,19,POOL,0.00,0:00:00
6/17/2015,6,2015,Jose,m,POOL,San Francisco,,4602,7:47 PM,,19,POOL,0.00,0:00:00
6/18/2015,6,2015,Hayley,f,POOL,San Francisco,$5.61 ,4602,7:18 AM,7:26 AM,7,POOL,1.02,0:04:12
6/18/2015,6,2015,Jose Gerard,m,uberX,San Francisco,$9.62 ,4602,7:59 PM,8:14 PM,19,uberX,1.81,0:10:05
6/18/2015,6,2015,WILLIAM,m,POOL,San Francisco,,4602,7:35 PM,Dropoff time unknown,19,POOL,0.00,0:00:00
6/19/2015,6,2015,ADELBERT,m,uberX,San Francisco,$5.69 ,4602,7:41 AM,7:55 AM,7,uberX,1.00,0:04:37
6/20/2015,6,2015,Marqui,m,uberX,San Francisco,$8.14 ,4602,10:34 PM,10:42 PM,22,uberX,1.14,0:05:25
6/23/2015,6,2015,DAVID,m,uberX,San Francisco,$8.09 ,4602,11:43 PM,11:58 PM,23,uberX,1.47,0:11:27
6/24/2015,6,2015,Baltazar,m,POOL,San Francisco,$6.91 ,4602,10:59 PM,11:22 PM,22,POOL,2.01,0:14:15
6/24/2015,6,2015,Daniel,m,uberX,San Francisco,$9.14 ,4602,8:59 PM,9:15 PM,20,uberX,2.49,0:10:26
6/25/2015,6,2015,Karl,m,POOL,San Francisco,$6.28 ,4602,7:34 AM,7:44 AM,7,POOL,1.26,0:05:39
6/27/2015,6,2015,Abdur,m,BLACK,San Francisco,$15.00 ,4602,7:23 PM,7:32 PM,19,BLACK CAR,0.89,0:05:33
6/27/2015,6,2015,ARTHUR,m,uberX,San Francisco,$10.27 ,4602,11:07 PM,11:27 PM,23,uberX,3.18,0:11:18
6/27/2015,6,2015,RODRIGO,m,uberX,San Francisco,$10.11 ,4602,8:44 PM,9:03 PM,20,uberX,2.44,0:14:24
6/27/2015,6,2015,Tarlok,m,uberX,San Francisco,,4602,8:36 PM,,20,uberX,0.00,0:00:00
6/28/2015,6,2015,Debra,m,POOL,San Francisco,$24.13 ,4602,8:31 PM,9:18 PM,20,POOL,11.06,0:34:59
6/29/2015,6,2015,EDUARDO,m,POOL,San Francisco,$5.78 ,4602,6:39 AM,6:49 AM,6,POOL,0.98,0:05:05
6/30/2015,6,2015,AGHLAB,m,POOL,San Francisco,$9.53 ,4602,11:02 PM,11:22 PM,23,POOL,1.95,0:13:12
7/2/2015,7,2015,Vineet,m,POOL,San Francisco,$5.93 ,4602,6:39 PM,6:52 PM,18,POOL,1.12,0:09:15
7/8/2015,7,2015,JEAN HENRIQUE,m,POOL,San Francisco,$9.01 ,4602,5:45 PM,6:13 PM,17,POOL,2.44,0:21:22
7/10/2015,7,2015,Majid,m,UberSELECT,Los Angeles,,4602,6:49 PM,,18,SELECT,0.00,0:00:00
7/10/2015,7,2015,Muhammad,m,POOL,San Francisco,$21.55 ,4602,2:33 PM,3:17 PM,14,POOL,8.43,0:35:19
7/10/2015,7,2015,Salaheddine,m,UberSELECT,Los Angeles,,4602,6:47 PM,,18,SELECT,0.00,0:00:00
7/11/2015,7,2015,Carlos,m,POOL,Los Angeles,$4.00 ,4602,11:24 PM,11:32 PM,23,POOL,1.12,0:04:46
7/12/2015,7,2015,"""Karooni"" Khaled",m,POOL,San Francisco,$24.40 ,4602,10:21 PM,10:58 PM,22,POOL,9.29,0:34:04
7/12/2015,7,2015,Ahmad,m,POOL,Los Angeles,,4602,7:18 PM,,19,POOL,0.00,0:00:00
7/12/2015,7,2015,Ahmad,m,POOL,Los Angeles,,4602,7:16 PM,,19,POOL,0.00,0:00:00
7/12/2015,7,2015,Ahmad,m,POOL,Los Angeles,,4602,7:14 PM,,19,POOL,0.00,0:00:00
7/12/2015,7,2015,Joseph,m,uberX,Los Angeles,,4602,7:17 PM,,19,uberX,0.00,0:00:00
7/13/2015,7,2015,Abderrahim,m,POOL,San Francisco,$9.88 ,606,4:43 PM,5:01 PM,16,POOL,2.43,0:13:38
7/13/2015,7,2015,Andy,m,POOL,San Francisco,$15.16 ,606,10:13 PM,10:31 PM,22,POOL,3.00,0:12:53
7/13/2015,7,2015,Nazmeen,m,POOL,San Francisco,,606,10:12 PM,,22,POOL,0.00,0:00:00
7/14/2015,7,2015,ERIC,m,SUV,San Francisco,$46.47 ,606,1:11 PM,1:38 PM,13,SUV,3.42,0:20:42
7/14/2015,7,2015,Suleyman,m,SUV,San Francisco,$46.11 ,606,4:45 PM,5:07 PM,16,SUV,3.65,0:19:20
7/17/2015,7,2015,nelsy,f,POOL,San Francisco,($3.82),606,11:56 PM,,23,,,
7/17/2015,7,2015,-,m,POOL,San Francisco,,606,7:47 PM,,19,,,
7/17/2015,7,2015,Ying,m,POOL,San Francisco,$15.16 ,606,8:03 PM,8:31 PM,20,POOL,2.55,0:23:27
7/18/2015,7,2015,Allam,m,POOL,San Francisco,($1.20),606,12:06 AM,12:11 AM,0,,,
7/18/2015,7,2015,RASIM,m,POOL,San Francisco,,606,12:12 AM,,0,POOL,0.00,0:00:00
7/18/2015,7,2015,tark,m,POOL,San Francisco,$11.95 ,606,12:13 AM,12:34 AM,0,POOL,2.43,0:16:28
7/22/2015,7,2015,ALEXANDER,m,POOL,San Francisco,$9.62 ,606,6:06 PM,6:36 PM,18,POOL,3.11,0:23:36
7/23/2015,7,2015,GODWILL,m,POOL,San Francisco,$7.77 ,606,9:52 AM,10:16 AM,9,POOL,2.04,0:18:59
7/23/2015,7,2015,IGOR,m,POOL,San Francisco,$10.12 ,606,10:54 PM,11:07 PM,22,POOL,3.06,0:11:19
7/23/2015,7,2015,RYCH,m,POOL,San Francisco,$8.57 ,606,11:12 AM,11:37 AM,11,POOL,2.13,0:20:00
7/28/2015,7,2015,BAOYUAN,m,POOL,San Francisco,$13.32 ,606,7:08 AM,7:24 AM,7,POOL,2.87,0:11:07
7/28/2015,7,2015,Monir,m,POOL,San Francisco,$9.24 ,606,11:33 PM,11:46 PM,23,POOL,2.04,0:07:51
7/29/2015,7,2015,Peter,m,POOL,San Francisco,,606,4:50 PM,Dropoff time unknown,16,,,
7/30/2015,7,2015,Liyanna,f,POOL,San Francisco,,606,12:36 AM,,0,POOL,0.00,0:00:00
7/30/2015,7,2015,Jamang,m,POOL,San Francisco,$6.01 ,606,1:01 AM,1:08 AM,1,POOL,1.07,0:05:30
7/30/2015,7,2015,NOOR,m,POOL,San Francisco,$6.94 ,606,10:13 PM,10:31 PM,22,POOL,2.22,0:11:53
7/30/2015,7,2015,Yared,m,POOL,San Francisco,$14.91 ,606,7:34 PM,8:02 PM,19,POOL,2.44,0:24:41
7/30/2015,7,2015,Yezihlem,m,POOL,San Francisco,$8.38 ,606,12:38 AM,12:48 AM,0,POOL,2.27,0:08:43
7/31/2015,7,2015,Ahmed,m,POOL,San Francisco,$21.00 ,606,4:53 AM,5:08 AM,4,POOL,8.38,0:11:48
8/1/2015,8,2015,Denise,m,uberX,Seattle,,606,1:58 AM,,1,uberX,0.00,0:00:00
8/3/2015,8,2015,RITA,m,POOL,San Francisco,$16.27 ,606,1:45 PM,2:01 PM,13,POOL,5.62,0:07:25
8/3/2015,8,2015,Salim,m,POOL,San Francisco,,606,1:43 PM,,13,POOL,0.00,0:00:00
8/7/2015,8,2015,Christian,m,POOL,Los Angeles,$4.00 ,606,11:14 PM,11:25 PM,23,POOL,1.45,0:07:35
8/7/2015,8,2015,HUNG,m,POOL,San Francisco,$21.00 ,606,2:56 PM,3:13 PM,14,POOL,8.39,0:11:45
8/9/2015,8,2015,Amani,m,POOL,San Francisco,,606,10:11 PM,Dropoff time unknown,22,,,
8/9/2015,8,2015,Andrew,m,POOL,San Francisco,,606,10:09 PM,,22,POOL,0.00,0:00:00
8/9/2015,8,2015,GUSTAVO,m,POOL,San Francisco,,606,10:18 PM,,22,POOL,0.00,0:00:00
8/11/2015,8,2015,ABBAS,m,POOL,San Francisco,$10.18 ,606,10:05 PM,10:32 PM,22,POOL,3.43,0:20:30
8/11/2015,8,2015,PE,m,POOL,San Francisco,,606,6:18 PM,,18,POOL,0.00,0:00:00
8/11/2015,8,2015,Rinzin,m,POOL,San Francisco,,606,6:14 PM,,18,POOL,0.00,0:00:00
8/16/2015,8,2015,Raymond,m,POOL,San Francisco,$37.73 ,606,5:06 PM,6:07 PM,17,POOL,16.13,0:50:26
8/22/2015,8,2015,Quique Z.,m,POOL,San Francisco,,606,12:56 AM,Dropoff time unknown,0,POOL,0.00,0:00:00
8/22/2015,8,2015,Quique Z.,m,POOL,San Francisco,,606,12:55 AM,Dropoff time unknown,0,POOL,0.00,0:00:00
8/22/2015,8,2015,William,m,POOL,San Francisco,$5.45 ,606,12:56 AM,1:04 AM,0,POOL,1.00,0:03:43
8/28/2015,8,2015,Damdinsuren,m,POOL,San Francisco,$7.51 ,606,9:27 PM,9:34 PM,21,POOL,1.00,0:04:31
8/28/2015,8,2015,Jose,m,uberX,San Francisco,$7.74 ,606,5:16 PM,5:31 PM,17,uberX,1.41,0:10:24
8/28/2015,8,2015,OLIMJON,m,uberX,San Francisco,$18.51 ,606,9:21 AM,9:49 AM,9,uberX,3.33,0:19:46
8/28/2015,8,2015,Sergey,m,POOL,San Francisco,,606,10:50 AM,11:19 AM,10,,,
8/29/2015,8,2015,KENNETH,m,POOL,San Francisco,$14.83 ,606,7:25 PM,7:48 PM,19,POOL,2.21,0:17:57
8/30/2015,8,2015,CANDIDO,m,POOL,San Francisco,$20.32 ,606,1:20 AM,1:35 AM,1,POOL,3.13,0:11:17
9/10/2015,9,2015,LUIS,m,POOL,San Francisco,$11.14 ,606,6:30 PM,7:11 PM,18,POOL,3.45,0:31:34
9/10/2015,9,2015,Rupinder,m,POOL,San Francisco,$16.04 ,606,3:09 PM,3:53 PM,15,POOL,5.36,0:39:14
9/15/2015,9,2015,ANTONINHO,m,POOL,San Francisco,$9.68 ,606,3:53 PM,4:23 PM,15,POOL,2.30,0:24:15
9/25/2015,9,2015,ABDISSA,m,POOL,San Francisco,$13.15 ,606,11:33 PM,11:57 PM,23,POOL,1.35,0:15:29
9/25/2015,9,2015,Samuel,m,POOL,San Francisco,$18.99 ,606,12:02 AM,12:18 AM,0,POOL,3.70,0:13:44
9/27/2015,9,2015,RAJA,m,POOL,San Francisco,,606,10:26 AM,,10,POOL,0.00,0:00:00
9/27/2015,9,2015,Zerisonai,m,POOL,San Francisco,$16.71 ,606,10:34 AM,10:54 AM,10,POOL,3.11,0:16:16
9/29/2015,9,2015,ERIC,m,POOL,San Francisco,$7.93 ,606,12:02 PM,12:20 PM,12,POOL,2.35,0:13:53
9/30/2015,9,2015,GANGA,m,POOL,San Francisco,$9.65 ,606,5:19 PM,6:10 PM,17,POOL,2.22,0:42:39
10/6/2015,10,2015,PANDORA,f,POOL,San Francisco,$8.27 ,606,9:49 AM,10:06 AM,9,POOL,2.45,0:14:30
10/11/2015,10,2015,Jane,f,POOL,San Francisco,$11.24 ,606,8:20 PM,8:32 PM,20,POOL,2.32,0:10:17
10/11/2015,10,2015,LELAND JEROME,m,POOL,San Francisco,,606,8:20 PM,,20,POOL,0.00,0:00:00
10/11/2015,10,2015,LELAND JEROME,m,POOL,San Francisco,,606,8:15 PM,Dropoff time unknown,20,POOL,0.00,0:00:00
10/26/2015,10,2015,Vijendra,m,uberXL,San Francisco,$12.65 ,606,9:10 PM,9:25 PM,21,uberXL,1.34,0:07:37
10/27/2015,10,2015,Brandon,m,POOL,San Francisco,$12.55 ,606,11:26 PM,11:48 PM,23,POOL,4.02,0:14:29
10/27/2015,10,2015,Michael,m,POOL,San Francisco,$11.91 ,606,6:14 PM,6:48 PM,18,POOL,2.75,0:24:33
10/27/2015,10,2015,Viktar,m,POOL,San Francisco,$5.00 ,606,8:17 AM,,8,POOL,0.00,0:00:00
10/30/2015,10,2015,NAY,m,POOL,San Francisco,$10.44 ,606,11:17 PM,11:54 PM,23,POOL,3.42,0:28:27
10/31/2015,10,2015,MAROUANE,m,POOL,San Francisco,$19.61 ,606,1:22 AM,1:48 AM,1,POOL,3.36,0:19:28
11/6/2015,11,2015,-,m,POOL,San Francisco,,606,9:01 PM,,21,,,
11/6/2015,11,2015,Abdullah,m,POOL,San Francisco,$14.40 ,606,9:02 PM,9:23 PM,21,POOL,3.01,0:19:13
11/9/2015,11,2015,KHERRA,f,POOL,San Francisco,,606,1:22 PM,,13,POOL,0.00,0:00:00
11/18/2015,11,2015,MASSIMO,m,POOL,San Francisco,$12.62 ,606,9:24 AM,9:51 AM,9,POOL,3.80,0:22:02
12/3/2015,12,2015,JORGE,m,POOL,San Francisco,$11.15 ,,4:00 PM,4:37 PM,16,POOL,3.19,0:33:23
12/5/2015,12,2015,GON,m,POOL,San Francisco,$9.33 ,,10:58 PM,11:13 PM,22,POOL,1.13,0:10:29
12/5/2015,12,2015,SARBJIT,m,POOL,San Francisco,$6.58 ,,9:21 PM,9:30 PM,21,POOL,1.13,0:06:00
12/6/2015,12,2015,GEORGE,m,POOL,San Francisco,$14.92 ,,12:37 PM,12:56 PM,12,POOL,2.79,0:16:50
12/8/2015,12,2015,RONNIE,m,POOL,San Francisco,$6.62 ,,7:10 AM,7:40 AM,7,POOL,2.00,0:18:32
12/9/2015,12,2015,Joseph,m,POOL,San Francisco,$13.01 ,,10:16 AM,10:58 AM,10,POOL,4.13,0:36:34
12/11/2015,12,2015,Douglas,m,uberX,San Francisco,,,11:33 AM,,11,uberX,0.00,0:00:00
12/11/2015,12,2015,Douglas,m,uberX,San Francisco,,,11:29 AM,,11,uberX,0.00,0:00:00
12/11/2015,12,2015,Douglas,m,uberX,San Francisco,$7.58 ,,11:45 AM,11:54 AM,11,uberX,2.85,0:05:45
12/11/2015,12,2015,Guang cong,m,POOL,San Francisco,,,2:42 PM,2:47 PM,14,,,
12/11/2015,12,2015,NASEER,m,uberX,San Francisco,$13.36 ,,7:52 AM,8:01 AM,7,uberX,1.81,0:08:53
12/11/2015,12,2015,OSMAN,m,POOL,San Francisco,$17.98 ,,6:17 AM,6:50 AM,6,POOL,3.56,0:26:55
12/11/2015,12,2015,Robert,m,POOL,San Francisco,,,2:47 PM,,14,POOL,0.00,0:00:00
12/16/2015,12,2015,Atikum,m,POOL,San Francisco,,6700,8:22 PM,,20,POOL,0.00,0:00:00
12/16/2015,12,2015,Jose,m,POOL,San Francisco,,6700,8:39 PM,,20,POOL,0.00,0:00:00
12/17/2015,12,2015,Heather Rose,f,POOL,San Francisco,$9.04 ,6700,3:13 PM,3:41 PM,15,POOL,2.77,0:22:58
12/24/2015,12,2015,salem,m,uberX,Denver,,6700,7:14 PM,,19,uberX,0.00,0:00:00
1/4/2016,1,2016,Nanak,m,POOL,San Francisco,$16.77 ,6700,9:54 PM,10:13 PM,21,POOL,5.59,0:08:04
1/10/2016,1,2016,BARON,m,uberX,San Francisco,$9.85 ,6700,5:14 PM,5:33 PM,17,uberX,2.84,0:14:40
1/11/2016,1,2016,Adam,m,POOL,San Francisco,,6700,7:01 PM,,19,POOL,0.00,0:00:00
1/13/2016,1,2016,GRIGORY,m,POOL,San Francisco,$8.97 ,6700,10:44 PM,11:07 PM,22,POOL,3.16,0:18:34
1/21/2016,1,2016,JOEY(Joseph),m,POOL,San Francisco,$8.74 ,6700,4:31 PM,4:56 PM,16,POOL,2.53,0:24:07
1/22/2016,1,2016,JAVIER,m,POOL,San Francisco,$7.53 ,6700,6:07 PM,6:29 PM,18,POOL,2.07,0:17:29
1/22/2016,1,2016,Michael,m,POOL,San Francisco,$3.82 ,6700,1:19 PM,1:25 PM,13,POOL,0.46,0:03:33
2/1/2016,2,2016,Gil,m,POOL,San Francisco,,6700,10:29 AM,,10,POOL,0.00,0:00:00
2/1/2016,2,2016,Jason,m,POOL,San Francisco,$3.00 ,6700,10:44 AM,10:53 AM,10,POOL,0.68,0:08:16
2/4/2016,2,2016,Linghua,f,POOL,San Francisco,$12.66 ,6700,7:07 PM,7:27 PM,19,POOL,3.15,0:13:52
2/4/2016,2,2016,RENATO,m,POOL,San Francisco,,6700,3:44 PM,,15,,,
2/5/2016,2,2016,Aleksandr,m,POOL,San Francisco,$6.83 ,6700,10:55 AM,11:16 AM,10,POOL,0.97,0:16:04
2/5/2016,2,2016,Archimedes,m,POOL,San Francisco,$6.00 ,6700,1:22 PM,1:34 PM,13,POOL,0.73,0:05:11
2/5/2016,2,2016,Hassan,m,POOL,San Francisco,,6700,9:53 AM,,9,POOL,0.00,0:00:00
2/6/2016,2,2016,Alan,m,POOL,San Francisco,$3.65 ,6700,1:21 AM,1:37 AM,1,POOL,1.38,0:10:33
2/6/2016,2,2016,JOHNATHAN,m,POOL,San Francisco,,6700,1:17 AM,,1,POOL,0.00,0:00:00
2/7/2016,2,2016,LYDIA,f,POOL,San Francisco,$20.22 ,6700,7:01 PM,7:46 PM,19,POOL,11.08,0:35:28
2/7/2016,2,2016,AJMAL,m,POOL,San Francisco,$9.52 ,6700,3:27 AM,3:46 AM,3,POOL,2.68,0:15:39
2/9/2016,2,2016,Ammar,m,SELECT,San Francisco,,6700,9:50 AM,10:13 AM,9,,,
2/12/2016,2,2016,Adam,m,POOL,San Francisco,$20.25 ,6700,8:31 AM,9:18 AM,8,POOL,3.41,0:40:57
2/12/2016,2,2016,Albert,m,POOL,San Francisco,$13.74 ,6700,3:05 PM,3:26 PM,15,POOL,2.74,0:17:12
2/12/2016,2,2016,CHOKMAN,m,POOL,San Francisco,$8.46 ,6700,12:10 PM,12:36 PM,12,POOL,2.74,0:22:07
2/12/2016,2,2016,Rafael,m,POOL,San Francisco,,6700,12:10 PM,Dropoff time unknown,12,POOL,0.00,0:00:00
2/12/2016,2,2016,YANGFAN,m,POOL,San Francisco,,6700,3:05 PM,,15,POOL,0.00,0:00:00
2/14/2016,2,2016,Cody,m,POOL,San Francisco,$8.70 ,6700,7:38 PM,8:02 PM,19,POOL,1.68,0:18:04
2/14/2016,2,2016,hing,m,POOL,San Francisco,$11.61 ,6700,6:50 PM,7:21 PM,18,POOL,5.24,0:24:01
2/20/2016,2,2016,-,m,POOL,San Francisco,,6700,8:07 PM,,20,,,
2/20/2016,2,2016,DICKSON,m,POOL,San Francisco,$8.32 ,6700,10:50 AM,11:00 AM,10,POOL,0.59,0:02:14
2/20/2016,2,2016,KENNETH,m,POOL,San Francisco,$7.23 ,6700,8:13 PM,8:36 PM,20,POOL,2.05,0:17:02
2/20/2016,2,2016,Somoud,m,POOL,San Francisco,$5.00 ,6700,9:35 PM,Dropoff time unknown,21,POOL,0.00,0:00:00
2/20/2016,2,2016,Suman,m,POOL,San Francisco,$11.64 ,6700,9:44 PM,9:59 PM,21,POOL,1.35,0:09:25
2/21/2016,2,2016,Alhamza,m,uberX,San Francisco,,6700,12:27 AM,Dropoff time unknown,0,uberX,0.00,0:00:00
2/21/2016,2,2016,ASMEROM,m,POOL,San Francisco,$8.60 ,6700,12:55 AM,1:10 AM,0,POOL,2.69,0:12:42
2/21/2016,2,2016,Reginald,m,uberX,San Francisco,$10.34 ,6700,12:29 AM,12:36 AM,0,uberX,0.97,0:05:17
2/23/2016,2,2016,Peter,m,POOL,San Francisco,$10.00 ,6700,11:11 AM,11:45 AM,11,POOL,3.07,0:31:05
2/28/2016,2,2016,OM,m,uberX,San Francisco,$10.75 ,6700,6:28 PM,6:37 PM,18,uberX,1.43,0:08:01
2/29/2016,2,2016,-,m,POOL,San Francisco,,6700,10:38 PM,,22,,,
2/29/2016,2,2016,JOJI,m,POOL,San Francisco,$7.82 ,6700,10:43 PM,10:53 PM,22,POOL,2.86,0:07:27
3/11/2016,3,2016,JAMES,m,POOL,San Francisco,$2.00 ,6700,1:04 PM,,13,POOL,0.00,0:00:00
3/18/2016,3,2016,Edsel,m,POOL,San Francisco,$7.67 ,6700,9:40 PM,10:03 PM,21,POOL,2.10,0:17:05
3/18/2016,3,2016,Joseph,m,POOL,San Francisco,$7.56 ,6700,7:10 AM,7:42 AM,7,POOL,2.28,0:25:50
3/18/2016,3,2016,SULINDER,m,POOL,San Francisco,$2.00 ,6700,7:07 AM,,7,POOL,0.00,0:00:00
3/19/2016,3,2016,Forrest,m,uberX,San Francisco,$9.01 ,6700,12:31 AM,12:46 AM,0,uberX,2.90,0:09:39
3/29/2016,3,2016,mathewos,m,POOL,San Francisco,$22.60 ,6700,6:26 PM,6:58 PM,18,POOL,22.06,0:27:30
4/5/2016,4,2016,-,m,POOL,San Francisco,,6700,7:00 AM,,7,,,
4/5/2016,4,2016,Tesfai,m,POOL,San Francisco,$10.13 ,6700,7:02 AM,7:28 AM,7,POOL,3.52,0:23:35
4/7/2016,4,2016,Orazmyrat,m,POOL,San Francisco,$19.73 ,6700,8:52 AM,9:10 AM,8,POOL,1.76,0:12:58
4/7/2016,4,2016,RITHY,m,uberX,San Francisco,$19.16 ,6700,9:51 AM,10:12 AM,9,uberX,3.76,0:18:23
4/10/2016,4,2016,Mahmoud,m,uberXL,San Francisco,$54.01 ,6700,5:59 PM,7:16 PM,17,uberXL,15.24,1:00:46
4/12/2016,4,2016,LLOYD,f,POOL,San Francisco,$5.00 ,6700,10:00 PM,Dropoff time unknown,22,POOL,0.00,0:00:00
4/12/2016,4,2016,Junhui,m,POOL,San Francisco,$6.28 ,6700,10:06 PM,10:24 PM,22,POOL,2.21,0:16:16
4/12/2016,4,2016,Rafik,m,POOL,San Francisco,$9.35 ,6700,7:33 AM,8:08 AM,7,POOL,3.00,0:31:42
4/14/2016,4,2016,Paul,m,POOL,San Francisco,$8.64 ,6700,3:37 PM,3:56 PM,15,POOL,2.72,0:10:06
4/14/2016,4,2016,ZURAB,m,POOL,San Francisco,,6700,3:34 PM,,15,POOL,0.00,0:00:00
4/21/2016,4,2016,ADRIANA,f,POOL,San Francisco,$4.28 ,6700,8:08 PM,8:19 PM,20,POOL,1.08,0:09:00
4/22/2016,4,2016,Puran,m,POOL,San Francisco,$10.19 ,6700,12:54 PM,1:14 PM,12,POOL,3.87,0:15:55
4/22/2016,4,2016,Sudeep,m,POOL,San Francisco,$6.28 ,6700,8:36 PM,9:01 PM,20,POOL,2.41,0:19:50
5/2/2016,5,2016,Kwok,m,POOL,San Francisco,$4.27 ,6700,1:54 PM,2:14 PM,13,POOL,1.36,0:15:10
5/6/2016,5,2016,Edwin,m,POOL,San Francisco,$15.20 ,6700,2:21 PM,2:40 PM,14,POOL,8.27,0:12:14
5/8/2016,5,2016,FELICIANO,m,POOL,San Francisco,$24.05 ,6700,5:19 PM,6:10 PM,17,POOL,14.71,0:44:10
5/8/2016,5,2016,Nicola,m,POOL,San Francisco,$11.98 ,6700,2:32 PM,2:48 PM,14,POOL,2.78,0:07:42
5/9/2016,5,2016,Lamar,m,uberX,Dallas,$18.23 ,6700,12:28 AM,12:54 AM,0,uberX,11.61,0:16:33
5/10/2016,5,2016,-,m,POOL,San Francisco,,6700,5:55 AM,,5,,,
5/15/2016,5,2016,Fred,m,uberX,Honolulu,$24.27 ,6700,8:06 AM,8:37 AM,8,uberX,16.64,0:22:08
7/5/2016,7,2016,MAGGIE MEIQIU,f,POOL,San Francisco,$70.46 ,6700,4:01 PM,6:02 PM,16,POOL,51.63,1:56:07
7/5/2016,7,2016,-,m,POOL,San Francisco,,6700,3:51 PM,,15,,,
7/5/2016,7,2016,HUNG,m,POOL,San Francisco,,6700,3:54 PM,Dropoff time unknown,15,POOL,0.00,0:00:00
7/7/2016,7,2016,UberEATS,,Agora,San Francisco,$28.59 ,6700,10:14 PM,10:52 PM,22,EATS,3.27,0:38:31
7/8/2016,7,2016,Julio,m,POOL,San Francisco,$5.75 ,6700,11:58 PM,12:16 AM,23,POOL,1.96,0:16:20
7/9/2016,7,2016,Ali,m,POOL,San Francisco,$5.00 ,6700,8:55 PM,9:28 PM,20,POOL,2.80,0:28:19
7/9/2016,7,2016,DONNIE,m,POOL,San Francisco,$7.24 ,6700,8:57 AM,9:27 AM,8,POOL,3.97,0:25:26
7/9/2016,7,2016,SANAM,m,POOL,San Francisco,$5.00 ,6700,8:48 AM,Dropoff time unknown,8,POOL,0.00,0:00:00
7/11/2016,7,2016,JOHN,m,POOL,San Francisco,$4.75 ,6700,9:31 PM,9:56 PM,21,POOL,3.14,0:18:52
7/12/2016,7,2016,RAOKHALID,m,POOL,San Francisco,,6700,8:58 PM,,20,POOL,0.00,0:00:00
7/12/2016,7,2016,VALERY,m,POOL,San Francisco,$10.14 ,6700,9:00 PM,9:23 PM,21,POOL,1.41,0:04:35
7/14/2016,7,2016,Carlo,m,POOL,San Francisco,$6.56 ,6700,8:12 PM,8:25 PM,20,POOL,3.06,0:12:15
7/15/2016,7,2016,amine,m,POOL,San Francisco,,6700,10:25 PM,,22,POOL,0.00,0:00:00
7/15/2016,7,2016,Samuel,m,POOL,San Francisco,$4.75 ,6700,10:31 PM,10:59 PM,22,POOL,2.26,0:26:26
7/16/2016,7,2016,Dong,m,uberX,San Francisco,$6.55 ,6700,11:15 PM,11:24 PM,23,uberX,0.84,0:04:07
7/16/2016,7,2016,UberEATS,,Agora,San Francisco,$32.23 ,6700,11:29 PM,12:01 AM,23,EATS,2.74,0:32:16
7/17/2016,7,2016,Dennis,m,uberX,San Francisco,$6.55 ,6700,6:51 PM,6:57 PM,18,uberX,0.84,0:04:06
7/18/2016,7,2016,RALPH,m,POOL,San Francisco,$5.43 ,6700,9:57 PM,10:21 PM,21,POOL,1.95,0:16:44
7/18/2016,7,2016,UberEATS,,Agora,San Francisco,$20.81 ,6700,10:04 PM,10:32 PM,22,EATS,2.74,0:27:42
7/27/2016,7,2016,Randall,m,POOL,San Francisco,$28.12 ,6700,2:16 PM,4:00 PM,14,POOL,32.62,1:33:13
7/27/2016,7,2016,UberEATS,,Agora,San Francisco,$20.81 ,6700,9:22 PM,9:56 PM,21,EATS,2.74,0:33:46
7/27/2016,7,2016,UberEATS,,Agora,San Francisco,,6700,8:57 PM,9:20 PM,20,,,
7/28/2016,7,2016,UberEATS,,Agora,San Francisco,$46.70 ,6700,8:10 PM,9:01 PM,20,EATS,1.98,0:50:38
7/29/2016,7,2016,LEANDRO,m,POOL,San Francisco,$4.75 ,6700,9:54 PM,10:18 PM,21,POOL,2.26,0:21:18
7/30/2016,7,2016,DANIEL,m,POOL,San Francisco,$7.18 ,6700,12:50 PM,1:14 PM,12,POOL,2.33,0:18:36
7/30/2016,7,2016,OTABEK,m,POOL,San Francisco,,6700,5:37 AM,,5,POOL,0.00,0:00:00
8/1/2016,8,2016,UberEATS,,Agora,San Francisco,$27.23 ,6700,8:09 PM,8:45 PM,20,EATS,2.74,0:35:46
8/3/2016,8,2016,LOUIE,m,POOL,San Francisco,$4.95 ,6700,5:55 AM,6:20 AM,5,POOL,1.33,0:17:29
8/3/2016,8,2016,ROMILSON,m,POOL,San Francisco,,6700,9:19 AM,,9,,,
8/11/2016,8,2016,UberEATS,,Agora,San Francisco,$22.40 ,6700,6:34 PM,7:21 PM,18,EATS,2.74,0:47:37
8/13/2016,8,2016,UberEATS,,Agora,San Francisco,$51.52 ,6700,10:12 PM,10:57 PM,22,EATS,2.73,0:44:46
8/14/2016,8,2016,MARYAM,f,POOL,San Diego,$5.61 ,8336,9:25 PM,9:37 PM,21,POOL,1.62,0:09:35
8/14/2016,8,2016,Amjad,m,POOL,San Francisco,$29.92 ,8336,6:38 AM,7:20 AM,6,POOL,10.16,0:37:29
8/14/2016,8,2016,Bahram,m,POOL,San Diego,,8336,9:55 AM,,9,POOL,0.00,0:00:00
8/14/2016,8,2016,David,m,POOL,San Diego,$6.29 ,8336,10:07 AM,10:23 AM,10,POOL,4.42,0:10:52
8/14/2016,8,2016,HENRY,m,POOL,San Diego,$3.02 ,8336,2:43 PM,2:53 PM,14,POOL,1.42,0:07:17
8/15/2016,8,2016,PAUL,m,POOL,San Diego,$4.75 ,8336,6:52 AM,7:18 AM,6,POOL,3.56,0:23:45
8/16/2016,8,2016,AHMAD,m,POOL,San Francisco,,8336,4:26 PM,,16,,,
8/16/2016,8,2016,LIAQAT,m,POOL,San Francisco,,8336,2:46 PM,,14,POOL,0.00,0:00:00
8/16/2016,8,2016,ROBERTO,m,POOL,San Francisco,$8.48 ,8336,4:28 PM,5:03 PM,16,POOL,4.70,0:28:15
8/17/2016,8,2016,Hani,m,POOL,San Francisco,$5.23 ,6700,7:36 AM,8:06 AM,7,POOL,2.51,0:29:13
8/17/2016,8,2016,UberEATS,,Agora,San Francisco,$26.70 ,8336,8:09 PM,8:59 PM,20,EATS,2.76,0:49:54
8/18/2016,8,2016,Obeid,m,POOL,San Francisco,$6.23 ,6700,7:15 AM,7:39 AM,7,POOL,2.27,0:20:26
8/18/2016,8,2016,SARAH,m,POOL,San Francisco,$4.91 ,6700,6:25 PM,6:54 PM,18,POOL,2.63,0:26:35
8/19/2016,8,2016,DEJENE,m,POOL,San Francisco,$5.23 ,6700,7:12 PM,7:34 PM,19,POOL,2.01,0:17:54
8/20/2016,8,2016,UberEATS,,Agora,San Francisco,$32.29 ,6700,12:02 PM,12:35 PM,12,EATS,3.71,0:33:24
8/20/2016,8,2016,UberEATS,,Agora,San Francisco,$25.27 ,6700,3:01 PM,3:37 PM,15,EATS,2.74,0:36:06
8/21/2016,8,2016,UberEATS,,Agora,San Francisco,$25.00 ,6700,4:19 PM,4:53 PM,16,EATS,3.78,0:34:48
8/23/2016,8,2016,UberEATS,,Agora,San Francisco,$25.27 ,6700,8:58 PM,9:34 PM,20,UberEATS - Marketplace,3.78,0:36:19
8/25/2016,8,2016,BALDOMERO,m,POOL,San Francisco,$5.58 ,6700,8:12 PM,8:26 PM,20,POOL,0.35,0:07:05
8/26/2016,8,2016,CHRISTINE,m,POOL,San Francisco,$4.75 ,6700,4:22 PM,4:27 PM,16,POOL,0.37,0:02:09
8/26/2016,8,2016,farooq,m,SUV,San Francisco,,6700,9:39 PM,,21,SUV,0.00,0:00:00
8/26/2016,8,2016,JOHN,m,POOL,San Francisco,$7.29 ,6700,2:51 PM,3:27 PM,14,POOL,2.76,0:31:36
8/26/2016,8,2016,RICARDO JR,m,uberX,San Francisco,$16.87 ,6700,11:59 PM,12:32 AM,23,uberX,6.26,0:25:32
8/27/2016,8,2016,Hugo,m,POOL,San Francisco,$4.75 ,6700,7:15 AM,7:30 AM,7,POOL,1.69,0:12:05
8/27/2016,8,2016,JASON,m,uberX,San Francisco,$6.55 ,6700,11:46 PM,11:53 PM,23,uberX,0.74,0:03:50
8/28/2016,8,2016,Serhat,m,uberX,San Francisco,$7.67 ,6700,1:29 AM,1:41 AM,1,uberX,2.14,0:07:29
8/28/2016,8,2016,UberEATS,,Agora,San Francisco,$15.81 ,6700,6:35 PM,7:10 PM,18,UberEATS - Marketplace,3.78,0:34:19
8/28/2016,8,2016,UberEATS,,Agora,San Francisco,$24.95 ,6700,1:40 AM,2:36 AM,1,UberEATS - Marketplace,2.74,0:55:25
8/28/2016,8,2016,UberEATS,,Agora,San Francisco,$7.98 ,6700,5:03 PM,5:48 PM,17,,,
9/1/2016,9,2016,Marcio,m,uberX,San Francisco,$28.16 ,8336,8:26 AM,8:59 AM,8,uberX,4.45,0:27:02
9/1/2016,9,2016,Michael,m,POOL,San Francisco,$29.27 ,8336,5:59 PM,6:31 PM,17,POOL,13.92,0:27:47
9/6/2016,9,2016,ERIC,m,POOL,San Francisco,$20.00 ,6700,11:18 AM,12:04 PM,11,POOL,9.37,0:36:08
9/6/2016,9,2016,MILOT,m,POOL,San Francisco,,6700,11:15 AM,,11,POOL,0.00,0:00:00
9/7/2016,9,2016,CHIA,m,POOL,San Francisco,$6.33 ,6700,5:11 PM,6:03 PM,17,POOL,4.29,0:47:59
9/7/2016,9,2016,Chiedu,m,POOL,San Francisco,$5.23 ,6700,7:36 PM,8:03 PM,19,POOL,3.04,0:23:25
9/8/2016,9,2016,Laura,f,uberX,San Francisco,$7.71 ,6700,2:37 PM,2:49 PM,14,uberX,1.66,0:09:54
9/8/2016,9,2016,Alvin,m,uberX,San Francisco,$12.16 ,6700,8:35 PM,8:55 PM,20,uberX,4.31,0:16:35
9/8/2016,9,2016,CHANELL,m,POOL,San Francisco,$4.75 ,6700,6:08 PM,6:41 PM,18,POOL,2.40,0:24:52
9/8/2016,9,2016,David,m,POOL,San Francisco,,6700,8:35 PM,,20,POOL,0.00,0:00:00
9/8/2016,9,2016,GRIGORI,m,POOL,San Francisco,$5.93 ,6700,9:15 AM,9:50 AM,9,POOL,2.95,0:30:58
9/8/2016,9,2016,Salem,m,POOL,San Francisco,$5.07 ,6700,3:17 PM,3:43 PM,15,POOL,2.32,0:21:53
9/8/2016,9,2016,Wail,m,POOL,San Francisco,$7.94 ,6700,10:06 PM,10:31 PM,22,POOL,2.88,0:18:20
9/9/2016,9,2016,Onjanette,m,POOL,San Francisco,$15.59 ,6700,5:02 AM,5:35 AM,5,POOL,7.73,0:23:03
9/11/2016,9,2016,Long,f,POOL,San Francisco,,6700,7:46 PM,Dropoff time unknown,19,,,
9/11/2016,9,2016,DENIS,m,POOL,San Francisco,$2.87 ,6700,9:46 PM,9:54 PM,21,,,
9/11/2016,9,2016,EDGAR,m,POOL,San Francisco,$21.00 ,6700,7:53 PM,8:36 PM,19,POOL,10.65,0:37:33
9/12/2016,9,2016,Leigh,f,POOL,San Francisco,$5.23 ,6700,7:43 PM,8:02 PM,19,POOL,3.45,0:14:59
9/12/2016,9,2016,UberEATS,,Agora,San Francisco,$18.53 ,6700,10:19 PM,10:49 PM,22,UberEATS - Marketplace,2.13,0:29:27
9/12/2016,9,2016,UberEATS,,Agora,San Francisco,$17.99 ,6700,8:30 PM,9:01 PM,20,UberEATS - Marketplace,2.06,0:30:16
9/13/2016,9,2016,Eugene,m,POOL,San Francisco,,6700,5:18 PM,Dropoff time unknown,17,POOL,0.00,0:00:00
9/13/2016,9,2016,Eugene,m,POOL,San Francisco,$19.05 ,6700,5:28 PM,6:22 PM,17,POOL,3.91,0:50:58
9/13/2016,9,2016,LEANDRO,m,POOL,San Francisco,$5.75 ,6700,7:49 PM,8:15 PM,19,POOL,2.24,0:23:54
9/14/2016,9,2016,UberEATS,,Agora,San Francisco,$15.81 ,6700,7:56 PM,8:35 PM,19,UberEATS - Marketplace,3.78,0:38:48
9/15/2016,9,2016,Abdul,m,POOL,San Francisco,$4.75 ,6700,12:58 PM,1:13 PM,12,POOL,3.85,0:10:52
9/15/2016,9,2016,Alhassen,m,POOL,San Francisco,,6700,9:09 PM,Dropoff time unknown,21,POOL,0.00,0:00:00
9/15/2016,9,2016,Armando,m,POOL,San Francisco,$2.74 ,6700,9:09 PM,9:26 PM,21,POOL,1.75,0:14:04
9/15/2016,9,2016,HAMED,m,POOL,San Francisco,$45.48 ,6700,6:54 AM,8:15 AM,6,POOL,39.46,1:18:01
9/15/2016,9,2016,Jorge,m,POOL,San Francisco,$3.32 ,6700,9:19 AM,9:48 AM,9,POOL,5.17,0:25:50
9/15/2016,9,2016,Maurice,m,POOL,San Francisco,$5.00 ,6700,9:02 PM,Dropoff time unknown,21,POOL,0.00,0:00:00
9/17/2016,9,2016,Gregory,m,POOL,San Francisco,$5.26 ,6700,3:04 PM,3:20 PM,15,POOL,1.66,0:13:15
9/17/2016,9,2016,PEDRO,m,uberX,San Francisco,$8.10 ,6700,1:30 AM,1:40 AM,1,uberX,2.09,0:07:15
9/17/2016,9,2016,Scott,m,POOL,San Francisco,$13.93 ,6700,10:44 AM,11:32 AM,10,POOL,5.21,0:42:53
9/17/2016,9,2016,Shannon,m,POOL,San Francisco,$3.51 ,6700,1:43 PM,1:51 PM,13,POOL,1.03,0:05:27
9/17/2016,9,2016,UberEATS,,Agora,San Francisco,$31.63 ,6700,2:10 AM,2:42 AM,2,UberEATS - Marketplace,2.80,0:31:54
9/18/2016,9,2016,Gregory,m,POOL,San Francisco,,6700,9:24 PM,,21,POOL,0.00,0:00:00
9/19/2016,9,2016,Dennis,m,POOL,San Francisco,$2.00 ,8336,3:20 PM,,15,POOL,0.00,0:00:00
9/19/2016,9,2016,Mohammed,m,uberX,San Francisco,$6.55 ,8336,4:35 PM,4:48 PM,16,uberX,0.73,0:09:58
9/19/2016,9,2016,Oscar,m,uberX,San Francisco,$6.88 ,6700,4:55 PM,5:07 PM,16,uberX,1.41,0:09:12
9/19/2016,9,2016,RAUL,m,POOL,San Francisco,$7.64 ,6700,9:44 PM,10:05 PM,21,POOL,2.73,0:17:22
9/19/2016,9,2016,UberEATS,,Agora,San Francisco,$23.04 ,6700,9:52 PM,10:32 PM,21,UberEATS - Marketplace,2.74,0:40:30
9/20/2016,9,2016,-,m,uberXL,San Francisco,,6700,2:53 PM,,14,,,
9/20/2016,9,2016,Amrik,m,uberX,San Francisco,$8.79 ,8336,2:06 PM,2:20 PM,14,uberX,2.35,0:11:08
9/20/2016,9,2016,Daniyar,m,uberXL,San Francisco,$10.86 ,8336,2:53 PM,3:19 PM,14,uberXL,1.83,0:24:29
9/20/2016,9,2016,Howard,m,uberX,San Francisco,$23.76 ,8336,10:11 PM,10:27 PM,22,uberX,3.82,0:13:57
9/20/2016,9,2016,MUNKHZAYA,m,uberX,San Francisco,$21.57 ,8336,8:05 AM,8:32 AM,8,uberX,4.18,0:20:39
9/21/2016,9,2016,Gulam,m,POOL,San Francisco,$4.75 ,8336,7:35 PM,8:06 PM,19,POOL,3.03,0:21:46
9/23/2016,9,2016,Gennadiy,m,POOL,San Francisco,$5.88 ,6700,6:28 AM,6:55 AM,6,POOL,2.78,0:21:14
9/24/2016,9,2016,Abelardo,m,POOL,San Francisco,$7.20 ,6700,2:52 PM,3:14 PM,14,POOL,2.76,0:15:19
9/26/2016,9,2016,MBARAK,m,POOL,San Francisco,,6700,5:11 PM,Dropoff time unknown,17,POOL,0.00,0:00:00
9/26/2016,9,2016,SEYED,m,POOL,San Francisco,,6700,5:18 PM,,17,POOL,0.00,0:00:00
9/27/2016,9,2016,ERICA,f,uberX,San Francisco,$8.51 ,6700,10:40 AM,10:55 AM,10,uberX,1.46,0:13:41
9/27/2016,9,2016,Andes,m,POOL,San Francisco,$4.75 ,6700,12:19 PM,12:35 PM,12,POOL,0.98,0:14:01
9/27/2016,9,2016,Jason,m,POOL,San Francisco,$3.00 ,6700,8:41 PM,9:11 PM,20,POOL,3.09,0:22:08
9/28/2016,9,2016,Mario,m,POOL,San Francisco,$3.00 ,6700,7:31 AM,8:12 AM,7,POOL,1.82,0:26:57
9/29/2016,9,2016,CRISPIN,m,POOL,San Francisco,$3.00 ,8336,11:40 AM,11:54 AM,11,POOL,1.33,0:09:15
9/29/2016,9,2016,DANIEL,m,POOL,San Francisco,$3.00 ,8336,5:50 PM,6:24 PM,17,POOL,2.45,0:28:19
9/29/2016,9,2016,Fadi,m,POOL,San Francisco,,8336,11:33 AM,,11,POOL,0.00,0:00:00
9/29/2016,9,2016,FALOPE,m,POOL,San Francisco,$3.00 ,6700,6:54 AM,7:20 AM,6,POOL,3.46,0:20:09
9/29/2016,9,2016,Mohammed,m,POOL,San Francisco,$3.00 ,8336,4:56 PM,5:36 PM,16,POOL,3.66,0:27:40
9/29/2016,9,2016,Sayeed,m,POOL,San Francisco,$3.00 ,8336,4:23 PM,4:41 PM,16,POOL,0.62,0:09:47
9/29/2016,9,2016,UberEATS,,Agora,San Francisco,$40.17 ,6700,8:02 PM,8:36 PM,20,UberEATS - Marketplace,6.38,0:33:51
9/30/2016,9,2016,Hamza,m,POOL,San Francisco,$3.00 ,6700,5:30 PM,6:05 PM,17,POOL,3.03,0:33:22
10/1/2016,10,2016,Noah,m,uberX,San Francisco,$6.55 ,6700,12:16 AM,12:24 AM,0,uberX,1.08,0:05:38
10/1/2016,10,2016,UberEATS,,Agora,San Francisco,$40.17 ,6700,7:20 PM,8:31 PM,19,UberEATS - Marketplace,6.38,1:11:29
10/2/2016,10,2016,JIANPENG,m,uberX,San Francisco,$9.00 ,6700,11:38 AM,12:11 PM,11,,,
10/2/2016,10,2016,KRISS,m,POOL,San Francisco,$3.00 ,6700,5:25 PM,5:55 PM,17,POOL,2.95,0:24:02
10/2/2016,10,2016,Raymond,m,POOL,San Francisco,$3.00 ,6700,8:18 PM,8:49 PM,20,POOL,5.43,0:26:02
10/3/2016,10,2016,LORENA,f,POOL,San Francisco,$3.00 ,6700,9:11 AM,9:50 AM,9,,,
10/3/2016,10,2016,UberEATS,,Agora,San Francisco,$40.17 ,6700,7:10 PM,7:40 PM,19,UberEATS - Marketplace,3.36,0:30:33
10/4/2016,10,2016,JIE,m,POOL,San Francisco,$3.00 ,6700,8:49 PM,8:56 PM,20,POOL,0.90,0:05:23
10/4/2016,10,2016,timothy,m,POOL,San Francisco,$3.00 ,6700,9:46 PM,10:05 PM,21,POOL,2.29,0:17:23
10/5/2016,10,2016,JOANA,f,POOL,San Francisco,,8336,12:22 PM,Dropoff time unknown,12,POOL,0.00,0:00:00
10/5/2016,10,2016,-,m,POOL,San Francisco,,6700,9:09 AM,,9,,,
10/5/2016,10,2016,Darvin,m,POOL,San Francisco,$5.88 ,6700,9:09 AM,10:07 AM,9,,,
10/5/2016,10,2016,GLORIA,m,POOL,San Francisco,$25.14 ,8336,12:38 PM,1:35 PM,12,POOL,34.71,0:51:16
10/5/2016,10,2016,WILLIAM,m,POOL,San Francisco,$3.00 ,,1:44 PM,2:04 PM,13,POOL,1.31,0:16:44
10/5/2016,10,2016,UberEATS,,Agora,San Francisco,$32.61 ,,7:51 PM,8:21 PM,19,UberEATS - Marketplace,3.36,0:29:31
10/6/2016,10,2016,ABEL,m,POOL,San Francisco,$3.00 ,6700,5:07 PM,5:37 PM,17,POOL,2.74,0:25:20
10/6/2016,10,2016,RODOLFO,m,POOL,San Francisco,$28.59 ,6700,11:54 AM,1:03 PM,11,POOL,37.62,1:01:22
10/7/2016,10,2016,-,m,POOL,San Francisco,,6700,5:15 PM,,17,,,
10/7/2016,10,2016,-,m,POOL,San Francisco,,6700,5:15 PM,,17,,,
10/7/2016,10,2016,DAL,m,POOL,San Francisco,$3.00 ,6700,7:23 AM,7:53 AM,7,POOL,2.12,0:27:01
10/7/2016,10,2016,Ermias,m,uberX,San Francisco,$9.00 ,6700,5:15 PM,5:54 PM,17,uberX,4.41,0:35:36
10/9/2016,10,2016,UberEATS,,Agora,San Francisco,,6700,4:51 PM,5:42 PM,16,,,
10/9/2016,10,2016,UberEATS,,Agora,San Francisco,,6700,3:59 PM,4:59 PM,15,,,
10/11/2016,10,2016,UberEATS,,Agora,San Francisco,$28.53 ,8336,7:28 PM,7:59 PM,19,UberEATS - Marketplace,3.56,0:30:46
10/12/2016,10,2016,Allen,m,POOL,San Francisco,$3.00 ,6700,5:05 PM,5:46 PM,17,POOL,3.77,0:39:14
10/12/2016,10,2016,Paul,m,POOL,San Francisco,$3.00 ,6700,7:43 AM,8:17 AM,7,POOL,2.51,0:25:11
10/12/2016,10,2016,UberEATS,,Agora,San Francisco,$23.97 ,8336,7:38 PM,8:39 PM,19,UberEATS - Marketplace,4.43,1:00:22
10/13/2016,10,2016,CHRISTINE,m,POOL,San Francisco,$2.00 ,6700,8:08 AM,,8,POOL,0.00,0:00:00
10/13/2016,10,2016,Joon,m,POOL,San Francisco,$8.09 ,8336,8:08 PM,8:40 PM,20,POOL,2.59,0:25:33
10/14/2016,10,2016,Alejandra,m,POOL,San Francisco,$10.37 ,8336,6:48 AM,7:16 AM,6,POOL,2.93,0:24:29
10/17/2016,10,2016,-,m,POOL,San Francisco,,6700,8:09 AM,,8,,,
10/17/2016,10,2016,AHMAD EYAD,m,POOL,San Francisco,$4.32 ,6700,7:21 PM,7:39 PM,19,POOL,2.77,0:15:14
10/17/2016,10,2016,Wilson,m,POOL,San Francisco,$15.35 ,6700,8:10 AM,9:24 AM,8,POOL,8.05,1:10:05
10/19/2016,10,2016,Wayne,m,uberX,San Francisco,$7.82 ,8336,12:45 PM,1:00 PM,12,uberX,3.39,0:10:04
10/20/2016,10,2016,MANSOOR,m,POOL,San Francisco,$2.00 ,8336,3:57 PM,,15,POOL,0.00,0:00:00
10/20/2016,10,2016,SYED,m,POOL,San Francisco,$4.99 ,8336,9:26 PM,9:59 PM,21,POOL,2.56,0:30:23
10/21/2016,10,2016,ALEX,m,POOL,San Francisco,$4.75 ,6700,8:41 AM,9:19 AM,8,POOL,3.23,0:33:16
10/21/2016,10,2016,Aziz,m,POOL,San Francisco,$4.27 ,6700,10:17 PM,10:42 PM,22,POOL,0.00,0:13:22
10/21/2016,10,2016,FADHIL,m,uberX,San Francisco,$18.87 ,8336,3:25 PM,3:55 PM,15,uberX,4.96,0:26:11
10/22/2016,10,2016,Bill,m,POOL,San Francisco,$4.43 ,6700,10:30 PM,10:55 PM,22,POOL,3.06,0:17:25
10/22/2016,10,2016,Jeffrey,m,POOL,San Francisco,$5.60 ,6700,2:29 PM,3:11 PM,14,POOL,4.02,0:26:37
10/22/2016,10,2016,STANISLAW,m,POOL,San Francisco,$4.65 ,6700,1:29 PM,1:49 PM,13,POOL,1.50,0:14:14
10/22/2016,10,2016,UberEATS,,Agora,San Francisco,,6700,6:16 PM,,18,UberEATS - Marketplace,0.00,0:00:05
10/22/2016,10,2016,UberEATS,,Agora,San Francisco,$37.45 ,6700,6:21 PM,6:57 PM,18,UberEATS - Marketplace,2.33,0:35:31
10/23/2016,10,2016,Al,m,uberX,San Francisco,$10.93 ,6700,6:49 PM,7:12 PM,18,uberX,2.43,0:15:59
10/23/2016,10,2016,khuchitbaatar,m,uberX,San Francisco,$9.99 ,6700,12:27 PM,12:50 PM,12,uberX,2.83,0:19:04
10/23/2016,10,2016,Mohammad,m,POOL,San Francisco,$7.18 ,6700,3:16 PM,3:37 PM,15,POOL,1.43,0:14:15
10/23/2016,10,2016,Rabi,m,POOL,San Francisco,$6.99 ,6700,9:05 PM,9:36 PM,21,POOL,3.44,0:25:32
10/23/2016,10,2016,Sabin,m,POOL,San Francisco,$2.00 ,6700,3:12 PM,,15,POOL,0.00,0:00:00
10/24/2016,10,2016,AMANUEL,m,POOL,San Francisco,$7.69 ,6700,5:54 PM,6:28 PM,17,POOL,4.81,0:22:42
10/24/2016,10,2016,Juan,m,POOL,San Francisco,$4.75 ,6700,6:28 AM,6:35 AM,6,POOL,0.52,0:02:54
10/25/2016,10,2016,MARTIN,m,uberX,San Francisco,$9.39 ,8336,8:02 AM,8:28 AM,8,,,
10/27/2016,10,2016,UberEATS,,Agora,San Francisco,$23.75 ,8336,10:19 PM,10:54 PM,22,UberEATS - Marketplace,2.13,0:35:11
10/28/2016,10,2016,AMRIT,m,POOL,San Francisco,$5.75 ,6700,10:37 PM,11:02 PM,22,POOL,3.69,0:19:44
10/28/2016,10,2016,UberEATS,,Agora,San Francisco,$72.37 ,8336,8:59 PM,9:39 PM,20,UberEATS - Marketplace,0.61,0:40:03
10/30/2016,10,2016,Jill,f,POOL,San Francisco,$4.61 ,6700,12:24 PM,12:52 PM,12,POOL,3.34,0:19:47
10/31/2016,10,2016,ADDIS,m,POOL,San Francisco,$5.75 ,6700,7:39 AM,8:09 AM,7,POOL,2.83,0:24:23
10/31/2016,10,2016,Wael,m,POOL,San Francisco,$6.18 ,6700,7:34 PM,8:02 PM,19,POOL,2.48,0:21:58
11/1/2016,11,2016,DOUGLAS,m,POOL,San Francisco,$4.99 ,6700,8:52 AM,9:36 AM,8,POOL,2.65,0:40:34
11/1/2016,11,2016,weihua,m,POOL,San Francisco,,6700,10:15 PM,,22,POOL,0.00,0:00:00
11/2/2016,11,2016,Rossie,f,POOL,San Francisco,$4.75 ,6700,7:23 AM,7:51 AM,7,POOL,1.56,0:22:13
11/2/2016,11,2016,SAYEED,m,POOL,San Francisco,,6700,5:05 PM,,17,POOL,0.00,0:00:00
11/2/2016,11,2016,SAYEED,m,POOL,San Francisco,$4.08 ,6700,5:05 PM,6:02 PM,17,POOL,3.62,0:54:35
11/3/2016,11,2016,ABDOU,m,POOL,San Francisco,$6.18 ,6700,7:09 AM,7:37 AM,7,POOL,2.44,0:25:16
11/3/2016,11,2016,BRYAN,m,POOL,San Francisco,$6.17 ,6700,10:43 PM,11:13 PM,22,POOL,3.08,0:26:25
11/3/2016,11,2016,HAGOS,m,uberX,San Francisco,,6700,10:42 PM,,22,uberX,0.00,0:00:00
11/4/2016,11,2016,FNU,m,POOL,San Francisco,$6.54 ,6700,11:33 AM,12:03 PM,11,POOL,1.75,0:26:24
11/4/2016,11,2016,ROBERTO,m,POOL,San Francisco,$5.75 ,6700,10:13 PM,10:36 PM,22,POOL,2.71,0:20:07
11/4/2016,11,2016,UberEATS,,Agora,San Francisco,$20.19 ,6700,1:19 AM,1:49 AM,1,UberEATS - Marketplace,2.32,0:29:53
11/5/2016,11,2016,Abdullah,m,POOL,San Francisco,$6.18 ,6700,2:14 PM,2:34 PM,14,POOL,1.16,0:14:21
11/5/2016,11,2016,ALEXEI,m,POOL,San Francisco,$6.53 ,6700,2:46 PM,3:36 PM,14,POOL,3.01,0:42:42
11/5/2016,11,2016,VADIM,m,POOL,San Francisco,$3.88 ,6700,5:47 PM,6:25 PM,17,POOL,3.70,0:20:53
11/5/2016,11,2016,VICTORINO,m,POOL,San Francisco,$4.75 ,6700,8:41 AM,9:00 AM,8,POOL,1.50,0:14:24
11/6/2016,11,2016,Kendrick,m,POOL,San Francisco,$4.09 ,6700,6:12 PM,6:54 PM,18,POOL,3.60,0:29:33
11/6/2016,11,2016,Timothy,m,POOL,San Francisco,$7.54 ,6700,8:47 AM,9:18 AM,8,POOL,3.84,0:28:16
11/7/2016,11,2016,EMMANUEL,m,POOL,San Francisco,$4.75 ,6700,7:18 AM,7:49 AM,7,POOL,3.60,0:28:02
11/7/2016,11,2016,Esteban,m,uberX,San Francisco,$12.64 ,8336,9:39 PM,9:55 PM,21,uberX,3.59,0:13:30
11/8/2016,11,2016,Mohammad,m,POOL,San Francisco,,6700,9:49 PM,,21,POOL,0.00,0:00:00
11/8/2016,11,2016,OBUMNEME,m,POOL,San Francisco,$5.40 ,6700,9:50 PM,10:19 PM,21,POOL,2.07,0:20:18
11/8/2016,11,2016,Timothy,m,POOL,San Francisco,$5.75 ,6700,7:50 AM,8:25 AM,7,POOL,2.72,0:23:09
11/9/2016,11,2016,ANAS,m,POOL,San Francisco,$4.80 ,6700,9:28 PM,9:55 PM,21,POOL,2.54,0:19:06
11/9/2016,11,2016,Daniar,m,POOL,San Francisco,$4.75 ,6700,7:38 AM,8:14 AM,7,POOL,2.39,0:29:07
11/10/2016,11,2016,UberEATS,,Agora,San Francisco,$16.41 ,6700,9:45 PM,10:09 PM,21,UberEATS - Marketplace,2.13,0:23:20
11/10/2016,11,2016,UberEATS,,Agora,San Francisco,,6700,8:00 PM,9:23 PM,20,UberEATS - Marketplace,0.91,1:23:49
11/10/2016,11,2016,UberEATS,,Agora,San Francisco,,6700,9:33 PM,9:44 PM,21,,,
11/11/2016,11,2016,Calvin,m,uberX,San Francisco,,6700,5:20 PM,,17,uberX,0.00,0:00:00
11/11/2016,11,2016,KHURAM,m,POOL,San Francisco,$4.75 ,6700,7:38 AM,8:04 AM,7,POOL,1.62,0:22:13
11/12/2016,11,2016,Bhupinder,m,POOL,San Francisco,$7.19 ,6700,9:18 AM,9:48 AM,9,POOL,3.56,0:23:36
11/12/2016,11,2016,Quich,m,POOL,San Francisco,$7.61 ,6700,12:45 PM,1:27 PM,12,POOL,4.76,0:34:31
11/12/2016,11,2016,UberEATS,,Agora,San Francisco,$34.35 ,6700,7:27 PM,8:12 PM,19,UberEATS - Marketplace,0.91,0:45:15
11/12/2016,11,2016,UberEATS,,Agora,San Francisco,$25.51 ,6700,6:23 PM,7:15 PM,18,UberEATS - Marketplace,0.91,0:52:20
11/13/2016,11,2016,Farhad,m,uberX,San Francisco,,6700,5:54 AM,Dropoff time unknown,5,uberX,0.00,0:00:00
11/13/2016,11,2016,GHASSAN,m,POOL,San Francisco,$5.99 ,6700,6:27 PM,6:52 PM,18,POOL,3.77,0:19:14
11/13/2016,11,2016,HECTOR,m,POOL,San Francisco,$9.78 ,6700,4:11 PM,4:36 PM,16,POOL,3.73,0:23:41
11/13/2016,11,2016,Sam,m,uberX,San Francisco,$11.32 ,6700,6:05 AM,6:31 AM,6,uberX,2.60,0:14:18
11/14/2016,11,2016,Linda,f,SELECT,San Francisco,,8336,7:18 PM,,19,SELECT,0.00,0:00:00
11/14/2016,11,2016,Linda,f,SELECT,San Francisco,,8336,7:17 PM,,19,SELECT,0.00,0:00:00
11/14/2016,11,2016,Linda,f,SELECT,San Francisco,,8336,7:16 PM,,19,SELECT,0.00,0:00:00
11/14/2016,11,2016,Linda,f,uberX,San Francisco,$33.92 ,8336,7:18 PM,7:59 PM,19,uberX,17.00,0:34:20
11/14/2016,11,2016,Ali,m,uberX,San Francisco,$17.03 ,8336,7:33 AM,8:04 AM,7,uberX,4.37,0:24:46
11/14/2016,11,2016,Bilguuntugs (Bella),m,BLACK,San Francisco,,8336,7:17 PM,,19,BLACK,0.00,0:00:00
11/14/2016,11,2016,Jose,m,uberX,San Francisco,$12.84 ,8336,4:24 PM,4:53 PM,16,uberX,4.15,0:24:19
11/15/2016,11,2016,Adel,m,POOL,New Jersey,$29.00 ,6700,5:20 AM,5:56 AM,5,POOL,10.78,0:34:39
11/15/2016,11,2016,Foued,m,BLACK,San Francisco,$68.80 ,8336,9:20 PM,9:52 PM,21,BLACK,16.40,0:25:01
11/15/2016,11,2016,Jaswinder,m,uberX,New York City,$70.19 ,6700,1:35 PM,2:16 PM,13,uberX,14.17,0:36:24
11/15/2016,11,2016,WILLIAM,m,POOL,New Jersey,$6.55 ,6700,5:16 AM,,5,POOL,0.46,0:01:29
11/16/2016,11,2016,Assem,m,BLACK,San Francisco,,8336,7:05 AM,,7,BLACK,0.00,0:00:00
11/16/2016,11,2016,Daniel,m,uberX,San Francisco,$7.03 ,8336,9:54 AM,10:07 AM,9,uberX,1.45,0:10:37
11/16/2016,11,2016,LAES,m,POOL,San Francisco,$4.75 ,6700,7:39 PM,8:01 PM,19,POOL,3.67,0:20:09
11/16/2016,11,2016,Melaku,m,POOL,San Francisco,$7.89 ,6700,4:36 PM,5:15 PM,16,POOL,5.27,0:34:59
11/16/2016,11,2016,Rene,m,uberX,San Francisco,$6.55 ,6700,10:53 PM,11:02 PM,22,uberX,1.07,0:04:42
11/16/2016,11,2016,Shawn,m,SUV,San Francisco,$168.18 ,8336,7:06 AM,8:56 AM,7,SUV,16.57,1:41:09
11/17/2016,11,2016,EMMANUEL,m,uberX,San Francisco,$10.46 ,8336,7:08 AM,7:27 AM,7,uberX,3.65,0:14:41
11/17/2016,11,2016,HUSNIDDIN,m,SUV,San Francisco,$43.08 ,8336,10:25 PM,10:48 PM,22,SUV,3.74,0:18:49
11/17/2016,11,2016,KAMARU,m,uberX,San Francisco,$13.21 ,8336,5:42 PM,6:17 PM,17,uberX,3.47,0:28:19
11/17/2016,11,2016,Sam,m,uberX,San Francisco,$6.55 ,8336,11:52 PM,11:59 PM,23,uberX,1.14,0:05:24
11/18/2016,11,2016,ROMILSON,m,uberX,San Francisco,$6.55 ,8336,6:42 AM,7:00 AM,6,uberX,1.07,0:05:11
11/27/2016,11,2016,Lovick,m,POOL,San Francisco,$3.99 ,6700,12:58 AM,1:11 AM,0,POOL,2.34,0:11:49
11/27/2016,11,2016,mourad,m,POOL,San Francisco,$8.26 ,6700,7:41 AM,8:11 AM,7,POOL,5.40,0:24:24
11/28/2016,11,2016,Michael Shawn,m,POOL,San Francisco,$4.21 ,6700,10:17 PM,10:40 PM,22,POOL,1.49,0:16:38
11/29/2016,11,2016,OLIVER,m,uberX,San Francisco,$6.55 ,6700,6:35 AM,6:41 AM,6,uberX,0.57,0:03:08
11/29/2016,11,2016,Xiangxiong,m,POOL,San Francisco,$5.00 ,8336,9:42 PM,Dropoff time unknown,21,POOL,0.00,0:00:00
11/29/2016,11,2016,ZAHID,m,POOL,San Francisco,$39.12 ,8336,9:53 PM,10:57 PM,21,POOL,33.90,0:58:11
11/29/2016,11,2016,UberEATS,,Agora,San Francisco,$45.23 ,8336,7:11 PM,7:48 PM,19,UberEATS - Marketplace,2.67,0:37:23
11/29/2016,11,2016,UberEATS,,Agora,San Francisco,$35.11 ,8336,7:08 PM,7:54 PM,19,UberEATS - Marketplace,1.72,0:45:25
11/30/2016,11,2016,BRIAN,m,uberX,San Francisco,$32.69 ,6700,4:42 AM,5:14 AM,4,uberX,17.04,0:26:14
11/30/2016,11,2016,IOLANDA,m,uberX,San Francisco,,6700,3:27 PM,Dropoff time unknown,15,,,
11/30/2016,11,2016,JHONAE,m,uberX,San Francisco,$31.18 ,6700,3:33 PM,4:07 PM,15,uberX,15.20,0:28:55
12/1/2016,12,2016,UberEATS,,Agora,San Francisco,$28.37 ,8336,6:47 PM,7:37 PM,18,UberEATS - Marketplace,0.91,0:49:40
12/2/2016,12,2016,BOBBY,m,uberX,San Francisco,$8.55 ,6700,8:51 AM,8:59 AM,8,uberX,0.59,0:04:15
12/3/2016,12,2016,Caitlynn,f,uberX,San Francisco,,6700,12:18 AM,,0,uberX,0.00,0:00:00
12/3/2016,12,2016,ANTHONY,m,uberX,San Francisco,$9.96 ,6700,12:19 AM,12:44 AM,0,uberX,3.72,0:18:33
12/3/2016,12,2016,HUGO,m,uberX,San Francisco,$12.99 ,6700,3:05 PM,3:30 PM,15,uberX,4.02,0:24:31
12/3/2016,12,2016,Jefferson,m,POOL,San Francisco,$2.91 ,6700,9:05 PM,9:24 PM,21,POOL,1.53,0:12:21
12/3/2016,12,2016,Ramon,m,uberX,San Francisco,,6700,2:21 PM,2:28 PM,14,,,
12/3/2016,12,2016,Sarmad,m,uberX,San Francisco,$12.48 ,6700,10:00 AM,10:31 AM,10,uberX,4.61,0:22:47
12/4/2016,12,2016,UberEATS,,Agora,San Francisco,$28.37 ,6700,5:38 PM,6:13 PM,17,UberEATS - Marketplace,0.91,0:34:51
12/6/2016,12,2016,Harshivtar,m,POOL,San Francisco,$50.13 ,8336,2:37 PM,3:55 PM,14,POOL,46.53,1:15:46
12/6/2016,12,2016,JOSEPH ARULDOSS,m,POOL,San Francisco,$8.85 ,6700,1:34 PM,2:06 PM,13,POOL,7.62,0:25:54
12/7/2016,12,2016,Martin,m,POOL,San Francisco,$2.83 ,6700,8:00 PM,8:28 PM,20,POOL,2.52,0:23:23
12/7/2016,12,2016,Solomon,m,POOL,San Francisco,$3.99 ,8336,7:26 AM,7:55 AM,7,POOL,2.00,0:24:37
12/8/2016,12,2016,Ayush,m,POOL,San Francisco,$5.92 ,6700,7:15 AM,7:49 AM,7,POOL,2.29,0:25:09
12/8/2016,12,2016,Humberto,m,POOL,San Francisco,$4.50 ,6700,9:54 PM,10:31 PM,21,POOL,3.48,0:32:14
12/8/2016,12,2016,RODOLFO,m,uberX,San Francisco,$8.78 ,6700,8:35 PM,8:50 PM,20,uberX,2.87,0:10:03
12/8/2016,12,2016,Samad,m,POOL,San Francisco,$3.32 ,6700,6:41 PM,7:03 PM,18,POOL,0.64,0:14:24
12/9/2016,12,2016,Naveen,m,uberX,San Francisco,$10.68 ,8336,10:14 AM,10:27 AM,10,uberX,4.20,0:09:33
12/9/2016,12,2016,QUOC,m,POOL,San Francisco,$13.39 ,6700,7:28 PM,7:53 PM,19,POOL,3.77,0:22:26
12/10/2016,12,2016,-,m,uberX,San Francisco,,6700,10:52 PM,,22,,,
12/10/2016,12,2016,Adam,m,POOL,San Francisco,,6700,10:52 PM,,22,POOL,0.00,0:00:00
12/10/2016,12,2016,Adam,m,uberX,San Francisco,$7.43 ,6700,10:23 PM,10:35 PM,22,uberX,2.22,0:09:12
12/10/2016,12,2016,JOSE,m,POOL,San Francisco,$9.26 ,6700,10:52 PM,Dropoff time unknown,22,POOL,0.00,0:00:00
12/10/2016,12,2016,Michael,m,uberX,San Francisco,$8.71 ,6700,9:04 PM,9:18 PM,21,uberX,2.30,0:11:27
12/10/2016,12,2016,MOHAMMAD,m,POOL,San Francisco,$6.79 ,6700,5:38 PM,5:55 PM,17,POOL,0.74,0:06:43
12/10/2016,12,2016,Steve,m,POOL,San Francisco,$9.71 ,6700,6:42 PM,7:01 PM,18,POOL,0.80,0:12:27
12/11/2016,12,2016,MATTHEW,m,POOL,San Francisco,$4.99 ,6700,5:39 PM,5:58 PM,17,POOL,1.26,0:13:30
12/13/2016,12,2016,Lonnie,f,POOL,San Francisco,$3.66 ,6700,7:50 PM,8:15 PM,19,POOL,3.37,0:17:45
12/14/2016,12,2016,ABBAS,m,POOL,San Francisco,$4.80 ,6700,7:48 PM,8:05 PM,19,POOL,2.19,0:14:09
12/14/2016,12,2016,Mapu,m,POOL,San Francisco,$4.33 ,6700,5:17 PM,5:44 PM,17,POOL,2.09,0:19:47
12/15/2016,12,2016,emily,f,POOL,San Francisco,$6.49 ,6700,7:33 PM,8:22 PM,19,POOL,3.76,0:44:37
12/15/2016,12,2016,FNU,m,POOL,San Francisco,$9.23 ,6700,5:10 PM,5:59 PM,17,POOL,3.02,0:47:33
12/15/2016,12,2016,Joseph,m,POOL,San Francisco,$15.59 ,6700,3:42 PM,4:11 PM,15,POOL,1.81,0:27:45
12/15/2016,12,2016,Michael,m,POOL,San Francisco,$2.00 ,6700,7:32 PM,,19,POOL,0.00,0:00:00
12/15/2016,12,2016,Robert,m,POOL,San Francisco,$5.70 ,6700,7:38 AM,8:18 AM,7,POOL,2.82,0:34:02
12/16/2016,12,2016,Jianhong,m,uberX,San Francisco,$20.97 ,8336,8:16 AM,8:43 AM,8,uberX,4.32,0:22:18
12/17/2016,12,2016,James,m,uberX,San Francisco,$9.71 ,6700,9:10 PM,9:27 PM,21,uberX,2.67,0:12:42
12/17/2016,12,2016,MARLON,m,uberX,San Francisco,$15.94 ,6700,6:17 PM,6:41 PM,18,uberX,2.63,0:14:13
12/18/2016,12,2016,Fares,m,uberX,San Francisco,$6.96 ,6700,5:02 PM,5:14 PM,17,uberX,1.58,0:07:05
12/18/2016,12,2016,Hailessalse,m,uberX,San Francisco,$13.27 ,6700,9:42 AM,10:02 AM,9,uberX,4.26,0:18:17
12/18/2016,12,2016,Teofilo,m,POOL,San Francisco,$16.14 ,6700,6:56 PM,7:42 PM,18,POOL,11.84,0:37:12
12/18/2016,12,2016,Vahid,m,uberX,San Francisco,$9.97 ,6700,2:41 PM,2:53 PM,14,uberX,2.30,0:10:38
12/18/2016,12,2016,Wei Feng,m,POOL,San Francisco,$19.91 ,6700,5:20 PM,6:08 PM,17,POOL,11.90,0:43:55
12/19/2016,12,2016,Danny,m,uberX,San Francisco,$11.52 ,6700,7:37 PM,7:58 PM,19,uberX,3.38,0:17:27
12/19/2016,12,2016,UberEATS,,Agora,San Francisco,$27.28 ,8336,8:03 PM,8:39 PM,20,UberEATS - Marketplace,0.91,0:36:09
12/20/2016,12,2016,WENCESLAO,m,POOL,San Francisco,$4.75 ,6700,7:08 AM,7:32 AM,7,POOL,1.43,0:19:18
12/21/2016,12,2016,HAUWA,m,POOL,San Francisco,$5.75 ,6700,8:27 PM,8:54 PM,20,POOL,2.82,0:24:46
12/21/2016,12,2016,Joel,m,POOL,San Francisco,$39.49 ,8336,3:56 PM,5:28 PM,15,POOL,43.23,1:26:51
12/21/2016,12,2016,UberEATS,,Agora,San Francisco,$50.03 ,8336,8:32 PM,9:06 PM,20,UberEATS - Marketplace,0.91,0:34:54
12/22/2016,12,2016,CLAUDION,m,POOL,San Francisco,$4.75 ,6700,8:10 AM,8:32 AM,8,POOL,2.41,0:20:12
12/22/2016,12,2016,DEXTER,m,POOL,San Francisco,$4.75 ,6700,6:18 PM,6:43 PM,18,POOL,1.28,0:21:03
12/22/2016,12,2016,Joseph,m,POOL,San Francisco,$4.75 ,6700,2:37 PM,2:49 PM,14,POOL,0.57,0:08:03
12/23/2016,12,2016,Navpreet,m,uberXL,San Francisco,$44.23 ,6700,4:08 PM,5:03 PM,16,uberXL,17.48,0:35:18
12/23/2016,12,2016,UberEATS,,Agora,San Francisco,$28.37 ,8336,6:18 PM,7:05 PM,18,UberEATS - Marketplace,0.91,0:46:44
